     11397
    833.39   .118060
    833.45   .118025
    833.52   .118166
    833.59   .117972
    833.65   .118235
    833.72   .118610
    833.79   .118656
    833.85   .118178
    833.92   .117847
    833.99   .117950
    834.06   .118212
    834.12   .118293
    834.19   .118160
    834.26   .118510
    834.32   .118481
    834.39   .118264
    834.46   .117926
    834.53   .117530
    834.59   .117207
    834.66   .117456
    834.73   .118186
    834.79   .118060
    834.86   .117554
    834.93   .117267
    835.00   .117670
    835.06   .117819
    835.13   .117987
    835.20   .118653
    835.26   .118769
    835.33   .118386
    835.40   .118126
    835.47   .117802
    835.53   .117637
    835.60   .117870
    835.67   .117980
    835.74   .117887
    835.80   .117826
    835.87   .118035
    835.94   .117551
    836.00   .117290
    836.07   .117056
    836.14   .117204
    836.21   .117273
    836.27   .117424
    836.34   .117577
    836.41   .117938
    836.48   .117854
    836.54   .117596
    836.61   .117378
    836.68   .117253
    836.75   .117387
    836.81   .117539
    836.88   .117253
    836.95   .117448
    837.02   .117412
    837.08   .117197
    837.15   .117778
    837.22   .117912
    837.29   .116915
    837.35   .117183
    837.42   .118144
    837.49   .117819
    837.56   .117549
    837.62   .117548
    837.69   .117858
    837.76   .117629
    837.83   .117120
    837.90   .117104
    837.96   .116986
    838.03   .117089
    838.10   .117549
    838.17   .117707
    838.23   .117467
    838.30   .117189
    838.37   .117288
    838.44   .117173
    838.50   .117434
    838.57   .117464
    838.64   .116979
    838.71   .116469
    838.78   .116768
    838.84   .117555
    838.91   .117981
    838.98   .117595
    839.05   .116854
    839.11   .116681
    839.18   .117197
    839.25   .117154
    839.32   .117117
    839.39   .117322
    839.45   .117005
    839.52   .116508
    839.59   .116430
    839.66   .116982
    839.73   .117354
    839.79   .116970
    839.86   .116816
    839.93   .117351
    840.00   .117322
    840.07   .116773
    840.13   .116722
    840.20   .116675
    840.27   .116005
    840.34   .116439
    840.41   .117231
    840.47   .116736
    840.54   .116438
    840.61   .116780
    840.68   .116504
    840.75   .116100
    840.82   .115803
    840.88   .115876
    840.95   .116032
    841.02   .115651
    841.09   .115746
    841.16   .116397
    841.22   .115948
    841.29   .115683
    841.36   .115971
    841.43   .116058
    841.50   .115858
    841.57   .115589
    841.63   .115440
    841.70   .115235
    841.77   .115052
    841.84   .115425
    841.91   .115650
    841.98   .115438
    842.04   .115463
    842.11   .115240
    842.18   .115148
    842.25   .115171
    842.32   .115127
    842.39   .115174
    842.45   .115277
    842.52   .115240
    842.59   .115101
    842.66   .115095
    842.73   .114982
    842.80   .115033
    842.86   .114785
    842.93   .114834
    843.00   .115176
    843.07   .115125
    843.14   .115114
    843.21   .114687
    843.28   .114648
    843.34   .114689
    843.41   .114543
    843.48   .114580
    843.55   .114114
    843.62   .113685
    843.69   .113572
    843.76   .113729
    843.82   .113780
    843.89   .114038
    843.96   .114168
    844.03   .113988
    844.10   .114136
    844.17   .114264
    844.24   .114156
    844.30   .114220
    844.37   .114033
    844.44   .113763
    844.51   .113766
    844.58   .113780
    844.65   .114024
    844.72   .114234
    844.79   .113707
    844.85   .113470
    844.92   .113697
    844.99   .113976
    845.06   .114130
    845.13   .113486
    845.20   .113485
    845.27   .113786
    845.34   .113855
    845.41   .113784
    845.47   .113513
    845.54   .113553
    845.61   .113559
    845.68   .113829
    845.75   .114025
    845.82   .113556
    845.89   .113323
    845.96   .113778
    846.03   .114134
    846.09   .114135
    846.16   .113574
    846.23   .113392
    846.30   .113479
    846.37   .113361
    846.44   .113316
    846.51   .113149
    846.58   .112981
    846.65   .112815
    846.72   .113339
    846.79   .113550
    846.85   .113259
    846.92   .112977
    846.99   .112941
    847.06   .113235
    847.13   .113425
    847.20   .113509
    847.27   .113460
    847.34   .113313
    847.41   .112873
    847.48   .113021
    847.55   .113334
    847.62   .113494
    847.68   .113372
    847.75   .113171
    847.82   .113055
    847.89   .113679
    847.96   .113950
    848.03   .113463
    848.10   .113409
    848.17   .113601
    848.24   .113609
    848.31   .113693
    848.38   .113839
    848.45   .113206
    848.52   .112848
    848.59   .112970
    848.66   .112979
    848.73   .113259
    848.79   .113425
    848.86   .113513
    848.93   .113397
    849.00   .113158
    849.07   .113068
    849.14   .112745
    849.21   .112570
    849.28   .112833
    849.35   .113376
    849.42   .113883
    849.49   .114007
    849.56   .113950
    849.63   .113467
    849.70   .113210
    849.77   .113317
    849.84   .112989
    849.91   .113104
    849.98   .113532
    850.05   .113405
    850.12   .113360
    850.19   .113148
    850.26   .112733
    850.33   .112729
    850.39   .112826
    850.46   .112781
    850.53   .112823
    850.60   .112869
    850.67   .113094
    850.74   .113377
    850.81   .113347
    850.88   .113071
    850.95   .112801
    851.02   .113086
    851.09   .113051
    851.16   .113031
    851.23   .113119
    851.30   .113033
    851.37   .112937
    851.44   .112452
    851.51   .112197
    851.58   .112364
    851.65   .112563
    851.72   .112678
    851.79   .112946
    851.86   .113111
    851.93   .112949
    852.00   .112809
    852.07   .112524
    852.14   .112514
    852.21   .112677
    852.28   .112478
    852.35   .112316
    852.42   .112425
    852.49   .112637
    852.56   .112585
    852.63   .112350
    852.70   .112399
    852.77   .112701
    852.84   .112870
    852.91   .113050
    852.98   .113021
    853.05   .112913
    853.12   .112958
    853.19   .112866
    853.26   .112621
    853.33   .112755
    853.40   .112664
    853.47   .111851
    853.54   .111815
    853.61   .112623
    853.68   .112757
    853.75   .112520
    853.82   .112423
    853.89   .112284
    853.96   .112302
    854.03   .112621
    854.11   .112437
    854.18   .112558
    854.25   .112849
    854.32   .112384
    854.39   .112014
    854.46   .112428
    854.53   .112543
    854.60   .112103
    854.67   .111972
    854.74   .112113
    854.81   .112536
    854.88   .112564
    854.95   .112392
    855.02   .112205
    855.09   .112129
    855.16   .112108
    855.23   .112023
    855.30   .112081
    855.37   .112065
    855.44   .112095
    855.51   .112246
    855.58   .112479
    855.65   .112544
    855.73   .112235
    855.80   .112013
    855.87   .112074
    855.94   .112377
    856.01   .112338
    856.08   .111930
    856.15   .111826
    856.22   .111752
    856.29   .111576
    856.36   .111869
    856.43   .112178
    856.50   .112104
    856.57   .111775
    856.64   .111721
    856.71   .112096
    856.79   .112327
    856.86   .112247
    856.93   .112181
    857.00   .111869
    857.07   .111797
    857.14   .111720
    857.21   .112037
    857.28   .112105
    857.35   .112008
    857.42   .111930
    857.49   .111521
    857.56   .111447
    857.64   .111525
    857.71   .111502
    857.78   .111793
    857.85   .111914
    857.92   .111483
    857.99   .111546
    858.06   .111775
    858.13   .111510
    858.20   .111217
    858.27   .111085
    858.34   .111258
    858.42   .111654
    858.49   .111858
    858.56   .112149
    858.63   .111927
    858.70   .111891
    858.77   .111462
    858.84   .110982
    858.91   .111370
    858.98   .111812
    859.06   .111694
    859.13   .111836
    859.20   .111734
    859.27   .111260
    859.34   .111153
    859.41   .111623
    859.48   .111642
    859.55   .111386
    859.63   .111234
    859.70   .111282
    859.77   .111304
    859.84   .111406
    859.91   .111346
    859.98   .111189
    860.05   .111435
    860.12   .111457
    860.20   .111112
    860.27   .111041
    860.34   .111666
    860.41   .111741
    860.48   .111342
    860.55   .111061
    860.62   .111072
    860.69   .111362
    860.77   .111707
    860.84   .111599
    860.91   .111531
    860.98   .111516
    861.05   .111626
    861.12   .111559
    861.19   .111598
    861.27   .111544
    861.34   .111555
    861.41   .111848
    861.48   .111698
    861.55   .111499
    861.62   .111620
    861.70   .111415
    861.77   .111077
    861.84   .111084
    861.91   .111440
    861.98   .111271
    862.05   .110756
    862.13   .111021
    862.20   .111539
    862.27   .111279
    862.34   .110939
    862.41   .110984
    862.48   .111105
    862.56   .111364
    862.63   .111293
    862.70   .111163
    862.77   .111217
    862.84   .110928
    862.91   .110626
    862.99   .110610
    863.06   .110967
    863.13   .110893
    863.20   .111027
    863.27   .110860
    863.34   .110705
    863.42   .110743
    863.49   .110613
    863.56   .110510
    863.63   .110956
    863.70   .111087
    863.78   .110590
    863.85   .110809
    863.92   .111025
    863.99   .110534
    864.06   .110256
    864.14   .110840
    864.21   .110983
    864.28   .110467
    864.35   .110500
    864.42   .110590
    864.50   .110224
    864.57   .110054
    864.64   .110380
    864.71   .110205
    864.78   .110085
    864.86   .110122
    864.93   .110509
    865.00   .110792
    865.07   .110651
    865.14   .110504
    865.22   .110305
    865.29   .110172
    865.36   .110069
    865.43   .110171
    865.51   .110147
    865.58   .110237
    865.65   .110334
    865.72   .110108
    865.79   .110321
    865.87   .110349
    865.94   .110172
    866.01   .110088
    866.08   .110061
    866.16   .109628
    866.23   .109342
    866.30   .109589
    866.37   .109380
    866.45   .109435
    866.52   .109701
    866.59   .109911
    866.66   .109965
    866.73   .109621
    866.81   .109450
    866.88   .109594
    866.95   .109730
    867.02   .109517
    867.10   .109398
    867.17   .109414
    867.24   .109559
    867.31   .109500
    867.39   .109357
    867.46   .108910
    867.53   .109023
    867.60   .109402
    867.68   .109422
    867.75   .109264
    867.82   .109306
    867.89   .109164
    867.97   .108708
    868.04   .108553
    868.11   .108508
    868.19   .108888
    868.26   .109121
    868.33   .109102
    868.40   .109291
    868.48   .109239
    868.55   .109024
    868.62   .109126
    868.69   .109058
    868.77   .108918
    868.84   .108946
    868.91   .108952
    868.99   .108826
    869.06   .108692
    869.13   .108875
    869.20   .109255
    869.28   .108720
    869.35   .108466
    869.42   .108823
    869.50   .109135
    869.57   .108983
    869.64   .108782
    869.71   .108831
    869.79   .108788
    869.86   .109027
    869.93   .108910
    870.01   .108591
    870.08   .108631
    870.15   .108742
    870.22   .108643
    870.30   .108755
    870.37   .108816
    870.44   .108930
    870.52   .108618
    870.59   .108299
    870.66   .108165
    870.74   .108205
    870.81   .108007
    870.88   .107925
    870.95   .108399
    871.03   .108596
    871.10   .108625
    871.17   .108778
    871.25   .108819
    871.32   .108613
    871.39   .108609
    871.47   .108615
    871.54   .108567
    871.61   .108569
    871.69   .108639
    871.76   .108610
    871.83   .108413
    871.91   .108118
    871.98   .108215
    872.05   .108405
    872.13   .108381
    872.20   .108368
    872.27   .108024
    872.35   .107699
    872.42   .107715
    872.49   .107907
    872.57   .107656
    872.64   .107578
    872.71   .107656
    872.79   .107812
    872.86   .108176
    872.93   .108263
    873.01   .108257
    873.08   .108167
    873.15   .108098
    873.23   .108212
    873.30   .108213
    873.37   .108030
    873.45   .108020
    873.52   .108039
    873.60   .107765
    873.67   .107654
    873.74   .107912
    873.82   .107698
    873.89   .107464
    873.96   .107567
    874.04   .107523
    874.11   .107300
    874.18   .107530
    874.26   .107804
    874.33   .107693
    874.40   .107490
    874.48   .107875
    874.55   .108102
    874.63   .107905
    874.70   .107833
    874.77   .107631
    874.85   .107677
    874.92   .108086
    874.99   .107989
    875.07   .107534
    875.14   .107401
    875.22   .107522
    875.29   .107723
    875.36   .107841
    875.44   .107979
    875.51   .108093
    875.59   .107900
    875.66   .107706
    875.73   .107808
    875.81   .107946
    875.88   .107633
    875.96   .107225
    876.03   .107771
    876.10   .107929
    876.18   .107560
    876.25   .107367
    876.33   .107592
    876.40   .107791
    876.47   .107790
    876.55   .107671
    876.62   .107716
    876.70   .107525
    876.77   .107544
    876.84   .107540
    876.92   .107532
    876.99   .107562
    877.07   .107628
    877.14   .107986
    877.21   .107741
    877.29   .107491
    877.36   .107575
    877.44   .107360
    877.51   .107369
    877.59   .107553
    877.66   .107741
    877.73   .107443
    877.81   .107231
    877.88   .107232
    877.96   .107032
    878.03   .107087
    878.11   .107698
    878.18   .107699
    878.25   .107363
    878.33   .107112
    878.40   .107025
    878.48   .107312
    878.55   .107391
    878.63   .107096
    878.70   .107102
    878.77   .107045
    878.85   .107218
    878.92   .107176
    879.00   .106753
    879.07   .106809
    879.15   .107135
    879.22   .106972
    879.30   .106705
    879.37   .106789
    879.45   .106711
    879.52   .106740
    879.59   .106694
    879.67   .106616
    879.74   .106748
    879.82   .106728
    879.89   .106899
    879.97   .106951
    880.04   .106960
    880.12   .106919
    880.19   .106809
    880.27   .106915
    880.34   .106960
    880.42   .107025
    880.49   .107120
    880.56   .106698
    880.64   .106617
    880.71   .106506
    880.79   .106646
    880.86   .106927
    880.94   .106579
    881.01   .106259
    881.09   .106526
    881.16   .106740
    881.24   .106956
    881.31   .107117
    881.39   .106856
    881.46   .106287
    881.54   .106117
    881.61   .106301
    881.69   .106386
    881.76   .106414
    881.84   .106549
    881.91   .106709
    881.99   .106560
    882.06   .106188
    882.14   .106403
    882.21   .106594
    882.29   .106531
    882.36   .106356
    882.44   .106193
    882.51   .106543
    882.59   .106665
    882.66   .106174
    882.74   .106177
    882.81   .106189
    882.89   .106238
    882.96   .106624
    883.04   .106561
    883.11   .106258
    883.19   .106163
    883.26   .105990
    883.34   .105964
    883.41   .106035
    883.49   .106035
    883.56   .106153
    883.64   .106099
    883.72   .105871
    883.79   .105982
    883.87   .106065
    883.94   .105876
    884.02   .105998
    884.09   .106082
    884.17   .105944
    884.24   .105830
    884.32   .105773
    884.39   .105765
    884.47   .105736
    884.54   .105846
    884.62   .105807
    884.69   .105504
    884.77   .105603
    884.85   .105817
    884.92   .105982
    885.00   .105746
    885.07   .105636
    885.15   .105636
    885.22   .105489
    885.30   .105424
    885.37   .105403
    885.45   .105266
    885.53   .105398
    885.60   .105740
    885.68   .105858
    885.75   .105716
    885.83   .105819
    885.90   .105935
    885.98   .105548
    886.05   .105179
    886.13   .105044
    886.21   .105211
    886.28   .105493
    886.36   .105246
    886.43   .104953
    886.51   .105034
    886.58   .105498
    886.66   .105458
    886.74   .105567
    886.81   .105574
    886.89   .105166
    886.96   .105221
    887.04   .105272
    887.12   .105262
    887.19   .105469
    887.27   .105419
    887.34   .105649
    887.42   .105651
    887.49   .105191
    887.57   .105314
    887.65   .105218
    887.72   .105117
    887.80   .105459
    887.87   .105325
    887.95   .104986
    888.03   .105043
    888.10   .104949
    888.18   .105238
    888.25   .105675
    888.33   .105186
    888.41   .104647
    888.48   .104889
    888.56   .105033
    888.64   .105118
    888.71   .105306
    888.79   .105182
    888.86   .105037
    888.94   .104994
    889.02   .104688
    889.09   .104572
    889.17   .104755
    889.24   .104808
    889.32   .105059
    889.40   .104980
    889.47   .104741
    889.55   .104757
    889.63   .104930
    889.70   .104852
    889.78   .104987
    889.85   .105068
    889.93   .105016
    890.01   .104989
    890.08   .104856
    890.16   .104526
    890.24   .104355
    890.31   .104606
    890.39   .104591
    890.47   .104639
    890.54   .104594
    890.62   .104349
    890.69   .104222
    890.77   .104290
    890.85   .104403
    890.92   .104771
    891.00   .105047
    891.08   .104801
    891.15   .104806
    891.23   .104706
    891.31   .104649
    891.38   .104612
    891.46   .104652
    891.54   .104610
    891.61   .104466
    891.69   .104421
    891.77   .104458
    891.84   .104500
    891.92   .104239
    892.00   .103983
    892.07   .104303
    892.15   .104584
    892.23   .104462
    892.30   .104218
    892.38   .104361
    892.46   .104560
    892.53   .104430
    892.61   .104526
    892.69   .104638
    892.76   .104372
    892.84   .104307
    892.92   .104641
    892.99   .104692
    893.07   .104409
    893.15   .104124
    893.23   .104044
    893.30   .104102
    893.38   .104081
    893.46   .104300
    893.53   .104390
    893.61   .104185
    893.69   .104265
    893.76   .104528
    893.84   .104513
    893.92   .104501
    894.00   .104237
    894.07   .104149
    894.15   .104112
    894.23   .103949
    894.30   .103918
    894.38   .104063
    894.46   .104340
    894.53   .104512
    894.61   .104427
    894.69   .104069
    894.77   .104093
    894.84   .104033
    894.92   .103674
    895.00   .103668
    895.07   .103933
    895.15   .103900
    895.23   .103688
    895.31   .103816
    895.38   .103878
    895.46   .103842
    895.54   .104052
    895.62   .104086
    895.69   .103884
    895.77   .103767
    895.85   .103709
    895.93   .103631
    896.00   .103615
    896.08   .103751
    896.16   .103857
    896.23   .103806
    896.31   .103733
    896.39   .104075
    896.47   .103916
    896.54   .103511
    896.62   .103455
    896.70   .103341
    896.78   .103311
    896.85   .103406
    896.93   .103565
    897.01   .103537
    897.09   .103546
    897.16   .103610
    897.24   .103462
    897.32   .103552
    897.40   .103738
    897.48   .103836
    897.55   .103783
    897.63   .103494
    897.71   .102995
    897.79   .103119
    897.86   .103430
    897.94   .103359
    898.02   .103444
    898.10   .103566
    898.17   .103441
    898.25   .103321
    898.33   .103480
    898.41   .103465
    898.49   .103138
    898.56   .103220
    898.64   .103516
    898.72   .103293
    898.80   .103151
    898.87   .103198
    898.95   .103296
    899.03   .103512
    899.11   .103494
    899.19   .103246
    899.26   .102989
    899.34   .102889
    899.42   .103132
    899.50   .103127
    899.58   .103025
    899.65   .102908
    899.73   .102998
    899.81   .103019
    899.89   .102930
    899.97   .103115
    900.04   .103004
    900.12   .102723
    900.20   .102825
    900.28   .102909
    900.36   .103231
    900.44   .103275
    900.51   .103038
    900.59   .102946
    900.67   .102905
    900.75   .102773
    900.83   .102594
    900.90   .102556
    900.98   .102947
    901.06   .103266
    901.14   .103264
    901.22   .103000
    901.30   .102764
    901.37   .102977
    901.45   .103031
    901.53   .102664
    901.61   .102509
    901.69   .102465
    901.77   .102459
    901.84   .102579
    901.92   .102650
    902.00   .102695
    902.08   .102751
    902.16   .102685
    902.24   .102556
    902.31   .102566
    902.39   .102570
    902.47   .102533
    902.55   .102400
    902.63   .102464
    902.71   .102673
    902.79   .102862
    902.86   .103081
    902.94   .102873
    903.02   .102427
    903.10   .102453
    903.18   .102759
    903.26   .102677
    903.34   .102607
    903.41   .102731
    903.49   .102517
    903.57   .102535
    903.65   .102622
    903.73   .102458
    903.81   .102643
    903.89   .102813
    903.97   .102592
    904.04   .102584
    904.12   .102509
    904.20   .102232
    904.28   .102289
    904.36   .102436
    904.44   .102527
    904.52   .102464
    904.60   .102200
    904.67   .102097
    904.75   .102219
    904.83   .102249
    904.91   .102198
    904.99   .102451
    905.07   .102571
    905.15   .102484
    905.23   .102434
    905.31   .102153
    905.39   .102168
    905.46   .102216
    905.54   .102073
    905.62   .101981
    905.70   .102091
    905.78   .102206
    905.86   .102106
    905.94   .102220
    906.02   .102335
    906.10   .102303
    906.18   .102176
    906.26   .102239
    906.33   .102383
    906.41   .102418
    906.49   .102156
    906.57   .101784
    906.65   .101692
    906.73   .101863
    906.81   .102042
    906.89   .102035
    906.97   .102016
    907.05   .101872
    907.13   .101712
    907.21   .101817
    907.29   .102013
    907.37   .101932
    907.44   .101993
    907.52   .102207
    907.60   .102237
    907.68   .101960
    907.76   .101859
    907.84   .101939
    907.92   .101905
    908.00   .101827
    908.08   .101960
    908.16   .102050
    908.24   .101876
    908.32   .101731
    908.40   .101640
    908.48   .101719
    908.56   .101842
    908.64   .101886
    908.72   .101809
    908.80   .101709
    908.88   .101754
    908.96   .101886
    909.03   .101927
    909.11   .101772
    909.19   .101643
    909.27   .101711
    909.35   .101647
    909.43   .101712
    909.51   .101602
    909.59   .101521
    909.67   .101556
    909.75   .101751
    909.83   .101913
    909.91   .101714
    909.99   .101429
    910.07   .101549
    910.15   .101926
    910.23   .101818
    910.31   .101604
    910.39   .101783
    910.47   .101816
    910.55   .101728
    910.63   .101770
    910.71   .101596
    910.79   .101635
    910.87   .101710
    910.95   .101719
    911.03   .101669
    911.11   .101315
    911.19   .101284
    911.27   .101430
    911.35   .101553
    911.43   .101453
    911.51   .101346
    911.59   .101211
    911.67   .101307
    911.75   .101543
    911.83   .101415
    911.91   .101608
    911.99   .101774
    912.07   .101539
    912.15   .101279
    912.23   .101284
    912.31   .101203
    912.39   .101119
    912.47   .101093
    912.55   .101291
    912.63   .101440
    912.71   .101423
    912.79   .101217
    912.87   .101281
    912.95   .101408
    913.03   .101360
    913.11   .101424
    913.20   .101466
    913.28   .101251
    913.36   .101107
    913.44   .101211
    913.52   .101274
    913.60   .101258
    913.68   .101317
    913.76   .101228
    913.84   .101079
    913.92   .101075
    914.00   .101059
    914.08   .100976
    914.16   .101245
    914.24   .101511
    914.32   .101359
    914.40   .101280
    914.48   .101252
    914.56   .101185
    914.64   .101101
    914.73   .101052
    914.81   .101224
    914.89   .101200
    914.97   .101266
    915.05   .101525
    915.13   .101408
    915.21   .101372
    915.29   .101280
    915.37   .101153
    915.45   .101147
    915.53   .101111
    915.61   .101259
    915.69   .101305
    915.77   .101224
    915.86   .101082
    915.94   .100916
    916.02   .101098
    916.10   .101176
    916.18   .100854
    916.26   .100733
    916.34   .101048
    916.42   .101313
    916.50   .101194
    916.58   .101076
    916.66   .101144
    916.75   .101153
    916.83   .101023
    916.91   .101084
    916.99   .101263
    917.07   .101312
    917.15   .101205
    917.23   .101177
    917.31   .101068
    917.39   .100995
    917.48   .100990
    917.56   .100916
    917.64   .100689
    917.72   .100903
    917.80   .101071
    917.88   .100970
    917.96   .101000
    918.04   .100831
    918.12   .100623
    918.21   .100681
    918.29   .100787
    918.37   .100893
    918.45   .100920
    918.53   .100983
    918.61   .101062
    918.69   .101083
    918.78   .101009
    918.86   .100876
    918.94   .100853
    919.02   .100787
    919.10   .100878
    919.18   .100918
    919.26   .100707
    919.35   .100470
    919.43   .100362
    919.51   .100343
    919.59   .100432
    919.67   .100480
    919.75   .100587
    919.83   .100719
    919.92   .100788
    920.00   .100575
    920.08   .100506
    920.16   .100727
    920.24   .100538
    920.32   .100384
    920.41   .100646
    920.49   .100803
    920.57   .100588
    920.65   .100247
    920.73   .100258
    920.81   .100497
    920.90   .100563
    920.98   .100552
    921.06   .100579
    921.14   .100538
    921.22   .100528
    921.30   .100711
    921.39   .100810
    921.47   .100760
    921.55   .100456
    921.63   .100247
    921.71   .100285
    921.80   .100474
    921.88   .100557
    921.96   .100428
    922.04   .100507
    922.12   .100528
    922.21   .100457
    922.29   .100356
    922.37   .100401
    922.45   .100319
    922.53   .100230
    922.62   .100422
    922.70   .100445
    922.78   .100338
    922.86   .100299
    922.94   .100232
    923.03   .100287
    923.11   .100344
    923.19   .100366
    923.27   .100455
    923.35   .100373
    923.44   .100309
    923.52   .100189
    923.60   .100138
    923.68   .100182
    923.77   .100252
    923.85   .100267
    923.93   .100165
    924.01   .100045
    924.09   .100059
    924.18   .100219
    924.26   .100273
    924.34   .100203
    924.42   .100137
    924.51   .100033
    924.59   .100049
    924.67   .100103
    924.75   .100180
    924.84   .100223
    924.92   .100228
    925.00   .100272
    925.08   .100200
    925.17   .100062
    925.25   .100148
    925.33   .100272
    925.41   .100272
    925.50   .100340
    925.58   .100262
    925.66   .100076
    925.74   .100172
    925.83   .100070
    925.91   .099965
    925.99   .100173
    926.07   .100279
    926.16   .100110
    926.24   .100099
    926.32   .100198
    926.41   .100189
    926.49   .100187
    926.57   .100259
    926.65   .100354
    926.74   .100306
    926.82   .100331
    926.90   .100370
    926.98   .100194
    927.07   .100181
    927.15   .100135
    927.23   .100069
    927.32   .100020
    927.40   .100159
    927.48   .100211
    927.56   .100034
    927.65   .099833
    927.73   .099928
    927.81   .100208
    927.90   .100375
    927.98   .100221
    928.06   .099843
    928.15   .099766
    928.23   .100000
    928.31   .100217
    928.39   .100239
    928.48   .100230
    928.56   .100010
    928.64   .099943
    928.73   .100112
    928.81   .100108
    928.89   .099974
    928.98   .099768
    929.06   .099853
    929.14   .099920
    929.23   .100049
    929.31   .100134
    929.39   .100049
    929.48   .100266
    929.56   .100244
    929.64   .099922
    929.73   .100004
    929.81   .100193
    929.89   .099971
    929.98   .100044
    930.06   .100128
    930.14   .099972
    930.23   .099959
    930.31   .099867
    930.39   .099706
    930.48   .099960
    930.56   .100118
    930.64   .099884
    930.73   .099827
    930.81   .099929
    930.89   .099885
    930.98   .099821
    931.06   .099847
    931.14   .100001
    931.23   .100261
    931.31   .100075
    931.40   .099688
    931.48   .099764
    931.56   .099948
    931.65   .099900
    931.73   .099880
    931.81   .099747
    931.90   .099868
    931.98   .099917
    932.06   .099853
    932.15   .099886
    932.23   .099951
    932.32   .099810
    932.40   .099713
    932.48   .099568
    932.57   .099517
    932.65   .099753
    932.73   .099871
    932.82   .099800
    932.90   .099812
    932.99   .099825
    933.07   .099895
    933.15   .099806
    933.24   .099849
    933.32   .099809
    933.41   .099751
    933.49   .099745
    933.57   .099695
    933.66   .099790
    933.74   .099851
    933.83   .099729
    933.91   .099771
    933.99   .099925
    934.08   .099873
    934.16   .099802
    934.25   .099801
    934.33   .099633
    934.42   .099737
    934.50   .099833
    934.58   .099791
    934.67   .099880
    934.75   .100014
    934.84   .099969
    934.92   .099907
    935.00   .099876
    935.09   .099853
    935.17   .099840
    935.26   .099983
    935.34   .100160
    935.43   .100192
    935.51   .100059
    935.59   .099791
    935.68   .099774
    935.76   .099836
    935.85   .099806
    935.93   .099730
    936.02   .099733
    936.10   .099818
    936.19   .099763
    936.27   .099708
    936.35   .099836
    936.44   .099830
    936.52   .099821
    936.61   .099760
    936.69   .099656
    936.78   .099675
    936.86   .099734
    936.95   .099881
    937.03   .099923
    937.12   .099759
    937.20   .099667
    937.29   .099621
    937.37   .099573
    937.45   .099635
    937.54   .099590
    937.62   .099520
    937.71   .099579
    937.79   .099706
    937.88   .099789
    937.96   .099800
    938.05   .099783
    938.13   .099730
    938.22   .099763
    938.30   .099957
    938.39   .099858
    938.47   .099620
    938.56   .099740
    938.64   .099885
    938.73   .099870
    938.81   .099768
    938.90   .099744
    938.98   .099622
    939.07   .099574
    939.15   .099684
    939.24   .099811
    939.32   .099760
    939.41   .099752
    939.49   .099748
    939.58   .099612
    939.66   .099718
    939.75   .099826
    939.83   .099774
    939.92   .099637
    940.00   .099775
    940.09   .099846
    940.17   .099788
    940.26   .099817
    940.34   .099944
    940.43   .099794
    940.51   .099723
    940.60   .099888
    940.68   .099950
    940.77   .099906
    940.86   .099770
    940.94   .099631
    941.03   .099711
    941.11   .099719
    941.20   .099838
    941.28   .099991
    941.37   .100080
    941.45   .100046
    941.54   .099984
    941.62   .099953
    941.71   .099738
    941.79   .099582
    941.88   .099645
    941.97   .099797
    942.05   .099582
    942.14   .099637
    942.22   .099762
    942.31   .099804
    942.39   .099744
    942.48   .099684
    942.56   .099740
    942.65   .099796
    942.74   .099796
    942.82   .099616
    942.91   .099512
    942.99   .099539
    943.08   .099719
    943.16   .100043
    943.25   .100041
    943.34   .099871
    943.42   .099816
    943.51   .099620
    943.59   .099717
    943.68   .099901
    943.77   .099869
    943.85   .099809
    943.94   .099767
    944.02   .099856
    944.11   .099947
    944.19   .100041
    944.28   .099936
    944.37   .099999
    944.45   .099987
    944.54   .099781
    944.62   .099559
    944.71   .099572
    944.80   .099867
    944.88   .099834
    944.97   .099626
    945.05   .099566
    945.14   .099761
    945.23   .099982
    945.31   .099937
    945.40   .099576
    945.49   .099595
    945.57   .099769
    945.66   .099908
    945.74   .099844
    945.83   .099761
    945.92   .100101
    946.00   .100328
    946.09   .100208
    946.18   .100138
    946.26   .100014
    946.35   .099806
    946.43   .099756
    946.52   .099740
    946.61   .099695
    946.69   .099684
    946.78   .099709
    946.87   .099789
    946.95   .099878
    947.04   .099876
    947.13   .099899
    947.21   .099799
    947.30   .099758
    947.38   .099704
    947.47   .099663
    947.56   .099723
    947.64   .099626
    947.73   .099613
    947.82   .099678
    947.90   .099676
    947.99   .099579
    948.08   .099596
    948.16   .099744
    948.25   .099901
    948.34   .099905
    948.42   .099840
    948.51   .099811
    948.60   .099893
    948.68   .099869
    948.77   .099785
    948.86   .099845
    948.94   .099745
    949.03   .099663
    949.12   .099745
    949.20   .099769
    949.29   .099705
    949.38   .099768
    949.47   .099812
    949.55   .099985
    949.64   .100047
    949.73   .099984
    949.81   .100052
    949.90   .099970
    949.99   .099771
    950.07   .099723
    950.16   .099813
    950.25   .099821
    950.34   .099732
    950.42   .099656
    950.51   .099845
    950.60   .100015
    950.68   .100006
    950.77   .099935
    950.86   .099935
    950.95   .099935
    951.03   .099922
    951.12   .099889
    951.21   .099904
    951.29   .099963
    951.38   .100150
    951.47   .100136
    951.56   .099952
    951.64   .099800
    951.73   .099781
    951.82   .099995
    951.90   .100159
    951.99   .100136
    952.08   .100180
    952.17   .100119
    952.25   .100018
    952.34   .099782
    952.43   .099700
    952.52   .099819
    952.60   .099929
    952.69   .099950
    952.78   .099807
    952.87   .099902
    952.95   .100120
    953.04   .100143
    953.13   .100031
    953.22   .100033
    953.30   .100100
    953.39   .100115
    953.48   .100044
    953.57   .100031
    953.65   .099937
    953.74   .099867
    953.83   .100025
    953.92   .100163
    954.01   .100200
    954.09   .100225
    954.18   .100133
    954.27   .100013
    954.36   .099925
    954.44   .099956
    954.53   .099987
    954.62   .100003
    954.71   .099939
    954.80   .099948
    954.88   .099986
    954.97   .099894
    955.06   .099856
    955.15   .100085
    955.24   .100220
    955.32   .100239
    955.41   .100200
    955.50   .100101
    955.59   .100196
    955.68   .100183
    955.76   .100081
    955.85   .100201
    955.94   .100157
    956.03   .100050
    956.12   .100137
    956.20   .100255
    956.29   .100237
    956.38   .100112
    956.47   .100169
    956.56   .100357
    956.64   .100423
    956.73   .100369
    956.82   .100302
    956.91   .100204
    957.00   .100142
    957.09   .100207
    957.17   .100177
    957.26   .100115
    957.35   .100066
    957.44   .100075
    957.53   .100118
    957.62   .100023
    957.70   .099993
    957.79   .100049
    957.88   .100230
    957.97   .100211
    958.06   .100042
    958.15   .100051
    958.23   .100094
    958.32   .100145
    958.41   .100147
    958.50   .100191
    958.59   .100176
    958.68   .100234
    958.77   .100260
    958.85   .100199
    958.94   .100269
    959.03   .100379
    959.12   .100227
    959.21   .100161
    959.30   .100311
    959.39   .100483
    959.48   .100500
    959.56   .100426
    959.65   .100349
    959.74   .100352
    959.83   .100373
    959.92   .100391
    960.01   .100438
    960.10   .100474
    960.19   .100419
    960.27   .100421
    960.36   .100377
    960.45   .100256
    960.54   .100197
    960.63   .100276
    960.72   .100340
    960.81   .100402
    960.90   .100502
    960.99   .100522
    961.08   .100380
    961.16   .100237
    961.25   .100227
    961.34   .100346
    961.43   .100493
    961.52   .100531
    961.61   .100456
    961.70   .100413
    961.79   .100606
    961.88   .100637
    961.97   .100528
    962.06   .100463
    962.14   .100396
    962.23   .100510
    962.32   .100609
    962.41   .100506
    962.50   .100529
    962.59   .100458
    962.68   .100535
    962.77   .100617
    962.86   .100573
    962.95   .100502
    963.04   .100494
    963.13   .100490
    963.22   .100486
    963.31   .100563
    963.40   .100624
    963.49   .100590
    963.57   .100536
    963.66   .100487
    963.75   .100538
    963.84   .100705
    963.93   .100719
    964.02   .100569
    964.11   .100477
    964.20   .100476
    964.29   .100537
    964.38   .100470
    964.47   .100438
    964.56   .100479
    964.65   .100457
    964.74   .100380
    964.83   .100421
    964.92   .100597
    965.01   .100608
    965.10   .100491
    965.19   .100452
    965.28   .100583
    965.37   .100663
    965.46   .100794
    965.55   .100802
    965.64   .100664
    965.73   .100676
    965.82   .100737
    965.91   .100825
    966.00   .100837
    966.09   .100761
    966.18   .100746
    966.27   .100626
    966.36   .100580
    966.45   .100649
    966.54   .100814
    966.63   .100831
    966.72   .100858
    966.81   .100928
    966.90   .100901
    966.99   .100783
    967.08   .100753
    967.17   .100840
    967.26   .100966
    967.35   .100970
    967.44   .100939
    967.53   .101018
    967.62   .100968
    967.71   .100776
    967.80   .100781
    967.89   .100714
    967.98   .100685
    968.07   .100759
    968.16   .100794
    968.25   .100802
    968.34   .100808
    968.43   .100887
    968.52   .100930
    968.61   .100843
    968.70   .100845
    968.79   .100924
    968.88   .100892
    968.97   .100787
    969.06   .100825
    969.16   .100897
    969.25   .100924
    969.34   .100960
    969.43   .101067
    969.52   .101172
    969.61   .101200
    969.70   .101128
    969.79   .101098
    969.88   .100924
    969.97   .100761
    970.06   .100791
    970.15   .100897
    970.24   .100921
    970.33   .100926
    970.42   .100949
    970.52   .100932
    970.61   .100923
    970.70   .100931
    970.79   .100989
    970.88   .101058
    970.97   .101057
    971.06   .100868
    971.15   .100865
    971.24   .101024
    971.33   .101059
    971.42   .101075
    971.51   .101154
    971.61   .101106
    971.70   .101001
    971.79   .101021
    971.88   .101220
    971.97   .101235
    972.06   .101152
    972.15   .101197
    972.24   .101169
    972.33   .101005
    972.43   .101059
    972.52   .101214
    972.61   .101205
    972.70   .101112
    972.79   .101190
    972.88   .101197
    972.97   .101075
    973.06   .101103
    973.16   .101097
    973.25   .101123
    973.34   .101237
    973.43   .101109
    973.52   .101064
    973.61   .101130
    973.70   .101246
    973.79   .101328
    973.89   .101297
    973.98   .101208
    974.07   .101222
    974.16   .101320
    974.25   .101306
    974.34   .101239
    974.43   .101242
    974.53   .101323
    974.62   .101378
    974.71   .101357
    974.80   .101287
    974.89   .101271
    974.98   .101360
    975.08   .101361
    975.17   .101288
    975.26   .101241
    975.35   .101354
    975.44   .101396
    975.53   .101293
    975.63   .101289
    975.72   .101363
    975.81   .101302
    975.90   .101241
    975.99   .101250
    976.09   .101301
    976.18   .101409
    976.27   .101522
    976.36   .101549
    976.45   .101401
    976.54   .101281
    976.64   .101331
    976.73   .101346
    976.82   .101347
    976.91   .101320
    977.00   .101252
    977.10   .101275
    977.19   .101358
    977.28   .101464
    977.37   .101388
    977.46   .101249
    977.56   .101273
    977.65   .101449
    977.74   .101444
    977.83   .101383
    977.93   .101406
    978.02   .101471
    978.11   .101440
    978.20   .101426
    978.29   .101377
    978.39   .101388
    978.48   .101460
    978.57   .101372
    978.66   .101374
    978.76   .101504
    978.85   .101542
    978.94   .101609
    979.03   .101611
    979.12   .101566
    979.22   .101508
    979.31   .101448
    979.40   .101392
    979.49   .101481
    979.59   .101497
    979.68   .101468
    979.77   .101534
    979.86   .101555
    979.96   .101480
    980.05   .101487
    980.14   .101601
    980.24   .101663
    980.33   .101627
    980.42   .101579
    980.51   .101540
    980.61   .101640
    980.70   .101650
    980.79   .101806
    980.88   .101900
    980.98   .101762
    981.07   .101683
    981.16   .101778
    981.25   .101877
    981.35   .101857
    981.44   .101841
    981.53   .101856
    981.63   .101842
    981.72   .101839
    981.81   .101873
    981.90   .101897
    982.00   .101920
    982.09   .101896
    982.18   .101893
    982.28   .101862
    982.37   .101835
    982.46   .101830
    982.56   .101862
    982.65   .101831
    982.74   .101753
    982.84   .101797
    982.93   .101852
    983.02   .101828
    983.11   .101765
    983.21   .101783
    983.30   .101847
    983.39   .101765
    983.49   .101720
    983.58   .101772
    983.67   .101849
    983.77   .101907
    983.86   .101933
    983.95   .101841
    984.05   .101832
    984.14   .101976
    984.23   .102028
    984.33   .101936
    984.42   .101872
    984.51   .101950
    984.61   .102029
    984.70   .102014
    984.79   .102020
    984.89   .102101
    984.98   .102154
    985.07   .102102
    985.17   .102011
    985.26   .101940
    985.36   .101935
    985.45   .102036
    985.54   .102209
    985.64   .102283
    985.73   .102285
    985.82   .102204
    985.92   .102063
    986.01   .102074
    986.10   .102137
    986.20   .102051
    986.29   .102068
    986.39   .102228
    986.48   .102264
    986.57   .102221
    986.67   .102282
    986.76   .102292
    986.86   .102254
    986.95   .102205
    987.04   .102217
    987.14   .102300
    987.23   .102375
    987.32   .102396
    987.42   .102363
    987.51   .102371
    987.61   .102275
    987.70   .102263
    987.79   .102316
    987.89   .102357
    987.98   .102398
    988.08   .102451
    988.17   .102441
    988.27   .102389
    988.36   .102360
    988.45   .102376
    988.55   .102385
    988.64   .102394
    988.74   .102406
    988.83   .102467
    988.92   .102502
    989.02   .102454
    989.11   .102403
    989.21   .102354
    989.30   .102399
    989.40   .102409
    989.49   .102411
    989.58   .102513
    989.68   .102529
    989.77   .102364
    989.87   .102384
    989.96   .102497
    990.06   .102526
    990.15   .102575
    990.25   .102618
    990.34   .102552
    990.44   .102565
    990.53   .102584
    990.62   .102529
    990.72   .102524
    990.81   .102672
    990.91   .102712
    991.00   .102695
    991.10   .102679
    991.19   .102578
    991.29   .102508
    991.38   .102528
    991.48   .102615
    991.57   .102662
    991.67   .102665
    991.76   .102678
    991.86   .102667
    991.95   .102603
    992.04   .102570
    992.14   .102602
    992.23   .102679
    992.33   .102613
    992.42   .102647
    992.52   .102710
    992.61   .102710
    992.71   .102626
    992.80   .102613
    992.90   .102720
    992.99   .102719
    993.09   .102641
    993.18   .102607
    993.28   .102756
    993.37   .102804
    993.47   .102793
    993.57   .102779
    993.66   .102837
    993.76   .102874
    993.85   .102914
    993.95   .102963
    994.04   .102870
    994.14   .102830
    994.23   .102826
    994.33   .102849
    994.42   .102825
    994.52   .102791
    994.61   .102853
    994.71   .102898
    994.80   .102947
    994.90   .103033
    994.99   .102967
    995.09   .102942
    995.19   .102981
    995.28   .103004
    995.38   .103053
    995.47   .103032
    995.57   .103001
    995.66   .103056
    995.76   .103055
    995.85   .103059
    995.95   .103053
    996.05   .103023
    996.14   .103127
    996.24   .103167
    996.33   .103143
    996.43   .103086
    996.52   .103073
    996.62   .103257
    996.72   .103312
    996.81   .103267
    996.91   .103225
    997.00   .103133
    997.10   .103025
    997.19   .103140
    997.29   .103368
    997.39   .103377
    997.48   .103218
    997.58   .103173
    997.67   .103217
    997.77   .103273
    997.87   .103282
    997.96   .103199
    998.06   .103153
    998.15   .103197
    998.25   .103225
    998.35   .103262
    998.44   .103238
    998.54   .103288
    998.63   .103329
    998.73   .103383
    998.83   .103404
    998.92   .103403
    999.02   .103324
    999.11   .103176
    999.21   .103190
    999.31   .103168
    999.40   .103237
    999.50   .103458
    999.60   .103539
    999.69   .103490
    999.79   .103380
    999.88   .103285
    999.98   .103190
   1000.08   .103186
   1000.17   .103351
   1000.27   .103431
   1000.37   .103487
   1000.46   .103512
   1000.56   .103432
   1000.66   .103371
   1000.75   .103418
   1000.85   .103524
   1000.95   .103525
   1001.04   .103442
   1001.14   .103378
   1001.24   .103389
   1001.33   .103514
   1001.43   .103487
   1001.53   .103487
   1001.62   .103569
   1001.72   .103618
   1001.82   .103622
   1001.91   .103633
   1002.01   .103556
   1002.11   .103513
   1002.20   .103617
   1002.30   .103717
   1002.40   .103649
   1002.49   .103604
   1002.59   .103702
   1002.69   .103718
   1002.78   .103579
   1002.88   .103599
   1002.98   .103689
   1003.08   .103710
   1003.17   .103725
   1003.27   .103716
   1003.37   .103740
   1003.46   .103799
   1003.56   .103824
   1003.66   .103776
   1003.75   .103748
   1003.85   .103695
   1003.95   .103716
   1004.05   .103800
   1004.14   .103803
   1004.24   .103830
   1004.34   .103783
   1004.43   .103748
   1004.53   .103855
   1004.63   .103855
   1004.73   .103861
   1004.82   .103875
   1004.92   .103893
   1005.02   .103886
   1005.12   .103950
   1005.21   .104049
   1005.31   .104056
   1005.41   .104042
   1005.51   .103983
   1005.60   .103883
   1005.70   .103844
   1005.80   .103870
   1005.90   .103948
   1005.99   .104031
   1006.09   .104025
   1006.19   .104006
   1006.29   .104065
   1006.38   .104086
   1006.48   .103964
   1006.58   .103993
   1006.68   .104116
   1006.77   .104182
   1006.87   .104133
   1006.97   .104087
   1007.07   .104088
   1007.16   .104050
   1007.26   .104014
   1007.36   .104054
   1007.46   .104057
   1007.56   .104040
   1007.65   .103988
   1007.75   .104095
   1007.85   .104167
   1007.95   .104155
   1008.05   .104098
   1008.14   .104223
   1008.24   .104305
   1008.34   .104241
   1008.44   .104196
   1008.54   .104206
   1008.63   .104228
   1008.73   .104346
   1008.83   .104443
   1008.93   .104340
   1009.03   .104206
   1009.12   .104200
   1009.22   .104219
   1009.32   .104176
   1009.42   .104151
   1009.52   .104193
   1009.62   .104212
   1009.71   .104257
   1009.81   .104280
   1009.91   .104251
   1010.01   .104279
   1010.11   .104275
   1010.21   .104218
   1010.30   .104273
   1010.40   .104343
   1010.50   .104331
   1010.60   .104358
   1010.70   .104320
   1010.80   .104240
   1010.89   .104267
   1010.99   .104255
   1011.09   .104260
   1011.19   .104278
   1011.29   .104275
   1011.39   .104350
   1011.49   .104475
   1011.58   .104482
   1011.68   .104419
   1011.78   .104339
   1011.88   .104384
   1011.98   .104476
   1012.08   .104417
   1012.18   .104381
   1012.27   .104423
   1012.37   .104410
   1012.47   .104425
   1012.57   .104445
   1012.67   .104578
   1012.77   .104647
   1012.87   .104566
   1012.97   .104520
   1013.07   .104559
   1013.16   .104574
   1013.26   .104476
   1013.36   .104469
   1013.46   .104545
   1013.56   .104617
   1013.66   .104587
   1013.76   .104488
   1013.86   .104466
   1013.96   .104578
   1014.06   .104581
   1014.15   .104577
   1014.25   .104564
   1014.35   .104499
   1014.45   .104601
   1014.55   .104759
   1014.65   .104717
   1014.75   .104680
   1014.85   .104765
   1014.95   .104773
   1015.05   .104743
   1015.15   .104726
   1015.25   .104780
   1015.35   .104816
   1015.45   .104830
   1015.54   .104775
   1015.64   .104652
   1015.74   .104672
   1015.84   .104758
   1015.94   .104759
   1016.04   .104854
   1016.14   .104937
   1016.24   .104900
   1016.34   .104944
   1016.44   .104930
   1016.54   .104899
   1016.64   .104834
   1016.74   .104792
   1016.84   .104827
   1016.94   .104837
   1017.04   .104843
   1017.14   .104876
   1017.24   .104956
   1017.34   .105033
   1017.44   .104963
   1017.54   .104949
   1017.64   .105090
   1017.74   .105064
   1017.84   .104940
   1017.94   .104881
   1018.04   .104876
   1018.14   .105004
   1018.24   .105044
   1018.34   .105010
   1018.44   .105011
   1018.54   .105008
   1018.64   .105020
   1018.74   .105061
   1018.84   .105054
   1018.94   .105010
   1019.04   .105039
   1019.14   .105053
   1019.24   .105125
   1019.34   .105170
   1019.44   .105131
   1019.54   .105060
   1019.64   .105064
   1019.74   .105178
   1019.84   .105207
   1019.94   .105163
   1020.04   .105186
   1020.14   .105197
   1020.24   .105206
   1020.34   .105220
   1020.44   .105258
   1020.54   .105312
   1020.64   .105247
   1020.74   .105224
   1020.84   .105250
   1020.94   .105254
   1021.04   .105263
   1021.14   .105266
   1021.24   .105268
   1021.34   .105324
   1021.44   .105407
   1021.54   .105406
   1021.65   .105292
   1021.75   .105250
   1021.85   .105298
   1021.95   .105263
   1022.05   .105237
   1022.15   .105266
   1022.25   .105356
   1022.35   .105383
   1022.45   .105347
   1022.55   .105324
   1022.65   .105386
   1022.75   .105464
   1022.85   .105481
   1022.95   .105461
   1023.06   .105442
   1023.16   .105466
   1023.26   .105486
   1023.36   .105438
   1023.46   .105416
   1023.56   .105378
   1023.66   .105403
   1023.76   .105488
   1023.86   .105449
   1023.96   .105479
   1024.07   .105559
   1024.17   .105547
   1024.27   .105545
   1024.37   .105550
   1024.47   .105547
   1024.57   .105562
   1024.67   .105521
   1024.77   .105513
   1024.87   .105559
   1024.98   .105601
   1025.08   .105648
   1025.18   .105649
   1025.28   .105605
   1025.38   .105612
   1025.48   .105622
   1025.58   .105648
   1025.69   .105705
   1025.79   .105756
   1025.89   .105696
   1025.99   .105585
   1026.09   .105578
   1026.19   .105568
   1026.29   .105548
   1026.40   .105565
   1026.50   .105695
   1026.60   .105673
   1026.70   .105613
   1026.80   .105596
   1026.90   .105639
   1027.01   .105744
   1027.11   .105811
   1027.21   .105759
   1027.31   .105678
   1027.41   .105686
   1027.51   .105794
   1027.62   .105844
   1027.72   .105810
   1027.82   .105822
   1027.92   .105852
   1028.02   .105816
   1028.12   .105804
   1028.23   .105828
   1028.33   .105863
   1028.43   .105878
   1028.53   .105876
   1028.63   .105873
   1028.74   .105864
   1028.84   .105834
   1028.94   .105808
   1029.04   .105823
   1029.14   .105852
   1029.25   .105898
   1029.35   .105995
   1029.45   .106051
   1029.55   .105967
   1029.65   .105980
   1029.76   .106014
   1029.86   .105928
   1029.96   .105961
   1030.06   .106036
   1030.17   .106072
   1030.27   .106074
   1030.37   .106104
   1030.47   .106131
   1030.58   .106094
   1030.68   .106032
   1030.78   .105951
   1030.88   .105995
   1030.99   .106039
   1031.09   .106053
   1031.19   .106132
   1031.29   .106189
   1031.40   .106135
   1031.50   .106153
   1031.60   .106122
   1031.70   .106085
   1031.81   .106103
   1031.91   .106047
   1032.01   .106029
   1032.11   .106125
   1032.22   .106110
   1032.32   .106079
   1032.42   .106144
   1032.52   .106164
   1032.63   .106062
   1032.73   .106114
   1032.83   .106180
   1032.94   .106161
   1033.04   .106178
   1033.14   .106226
   1033.24   .106272
   1033.35   .106276
   1033.45   .106284
   1033.55   .106310
   1033.66   .106290
   1033.76   .106329
   1033.86   .106351
   1033.96   .106307
   1034.07   .106263
   1034.17   .106269
   1034.27   .106238
   1034.38   .106243
   1034.48   .106294
   1034.58   .106366
   1034.69   .106341
   1034.79   .106334
   1034.89   .106340
   1035.00   .106362
   1035.10   .106413
   1035.20   .106446
   1035.31   .106406
   1035.41   .106314
   1035.51   .106325
   1035.62   .106378
   1035.72   .106406
   1035.82   .106450
   1035.93   .106505
   1036.03   .106505
   1036.13   .106584
   1036.24   .106541
   1036.34   .106457
   1036.44   .106462
   1036.55   .106566
   1036.65   .106604
   1036.75   .106541
   1036.86   .106520
   1036.96   .106593
   1037.07   .106580
   1037.17   .106536
   1037.27   .106472
   1037.38   .106456
   1037.48   .106565
   1037.58   .106636
   1037.69   .106698
   1037.79   .106653
   1037.90   .106613
   1038.00   .106668
   1038.10   .106696
   1038.21   .106794
   1038.31   .106841
   1038.41   .106805
   1038.52   .106764
   1038.62   .106772
   1038.73   .106773
   1038.83   .106740
   1038.93   .106820
   1039.04   .106802
   1039.14   .106767
   1039.25   .106805
   1039.35   .106818
   1039.46   .106826
   1039.56   .106826
   1039.66   .106847
   1039.77   .106942
   1039.87   .106944
   1039.98   .106851
   1040.08   .106837
   1040.18   .106856
   1040.29   .106858
   1040.39   .106840
   1040.50   .106867
   1040.60   .106907
   1040.71   .106878
   1040.81   .106869
   1040.92   .106862
   1041.02   .106806
   1041.12   .106791
   1041.23   .106841
   1041.33   .106916
   1041.44   .106907
   1041.54   .106908
   1041.65   .106960
   1041.75   .106990
   1041.86   .106983
   1041.96   .106973
   1042.07   .106976
   1042.17   .106984
   1042.27   .106990
   1042.38   .106989
   1042.48   .106984
   1042.59   .106958
   1042.69   .107001
   1042.80   .107046
   1042.90   .107076
   1043.01   .107149
   1043.11   .107166
   1043.22   .107142
   1043.32   .107105
   1043.43   .107065
   1043.53   .107122
   1043.64   .107173
   1043.74   .107150
   1043.85   .107139
   1043.95   .107130
   1044.06   .107138
   1044.16   .107126
   1044.27   .107153
   1044.37   .107197
   1044.48   .107226
   1044.58   .107232
   1044.69   .107235
   1044.79   .107220
   1044.90   .107205
   1045.00   .107233
   1045.11   .107273
   1045.21   .107274
   1045.32   .107287
   1045.43   .107354
   1045.53   .107418
   1045.64   .107429
   1045.74   .107401
   1045.85   .107390
   1045.95   .107398
   1046.06   .107384
   1046.16   .107373
   1046.27   .107324
   1046.37   .107288
   1046.48   .107309
   1046.59   .107314
   1046.69   .107347
   1046.80   .107369
   1046.90   .107407
   1047.01   .107469
   1047.11   .107514
   1047.22   .107501
   1047.33   .107422
   1047.43   .107430
   1047.54   .107428
   1047.64   .107433
   1047.75   .107458
   1047.85   .107444
   1047.96   .107423
   1048.07   .107461
   1048.17   .107484
   1048.28   .107404
   1048.38   .107443
   1048.49   .107527
   1048.60   .107533
   1048.70   .107522
   1048.81   .107535
   1048.91   .107584
   1049.02   .107671
   1049.13   .107682
   1049.23   .107705
   1049.34   .107727
   1049.44   .107687
   1049.55   .107669
   1049.66   .107629
   1049.76   .107587
   1049.87   .107673
   1049.97   .107723
   1050.08   .107733
   1050.19   .107772
   1050.29   .107797
   1050.40   .107793
   1050.51   .107837
   1050.61   .107806
   1050.72   .107768
   1050.83   .107861
   1050.93   .107909
   1051.04   .107832
   1051.15   .107778
   1051.25   .107817
   1051.36   .107855
   1051.46   .107814
   1051.57   .107827
   1051.68   .107866
   1051.78   .107868
   1051.89   .107883
   1052.00   .107902
   1052.10   .107934
   1052.21   .107986
   1052.32   .108037
   1052.42   .107973
   1052.53   .107918
   1052.64   .107909
   1052.75   .107914
   1052.85   .107917
   1052.96   .107921
   1053.07   .107957
   1053.17   .108014
   1053.28   .108003
   1053.39   .108015
   1053.49   .108074
   1053.60   .108024
   1053.71   .108008
   1053.81   .108049
   1053.92   .108081
   1054.03   .108109
   1054.14   .108112
   1054.24   .108122
   1054.35   .108105
   1054.46   .108160
   1054.56   .108208
   1054.67   .108184
   1054.78   .108212
   1054.89   .108203
   1054.99   .108132
   1055.10   .108088
   1055.21   .108087
   1055.32   .108136
   1055.42   .108145
   1055.53   .108132
   1055.64   .108193
   1055.74   .108226
   1055.85   .108231
   1055.96   .108232
   1056.07   .108209
   1056.17   .108250
   1056.28   .108310
   1056.39   .108318
   1056.50   .108351
   1056.60   .108378
   1056.71   .108314
   1056.82   .108339
   1056.93   .108345
   1057.04   .108292
   1057.14   .108363
   1057.25   .108434
   1057.36   .108418
   1057.47   .108417
   1057.57   .108436
   1057.68   .108391
   1057.79   .108358
   1057.90   .108422
   1058.01   .108481
   1058.11   .108468
   1058.22   .108444
   1058.33   .108459
   1058.44   .108482
   1058.55   .108498
   1058.65   .108494
   1058.76   .108495
   1058.87   .108498
   1058.98   .108488
   1059.09   .108462
   1059.19   .108463
   1059.30   .108499
   1059.41   .108466
   1059.52   .108458
   1059.63   .108508
   1059.73   .108555
   1059.84   .108508
   1059.95   .108539
   1060.06   .108612
   1060.17   .108627
   1060.28   .108668
   1060.38   .108643
   1060.49   .108610
   1060.60   .108671
   1060.71   .108699
   1060.82   .108692
   1060.93   .108699
   1061.04   .108701
   1061.14   .108656
   1061.25   .108607
   1061.36   .108654
   1061.47   .108686
   1061.58   .108727
   1061.69   .108741
   1061.80   .108755
   1061.90   .108735
   1062.01   .108692
   1062.12   .108723
   1062.23   .108774
   1062.34   .108753
   1062.45   .108765
   1062.56   .108762
   1062.67   .108743
   1062.77   .108733
   1062.88   .108777
   1062.99   .108788
   1063.10   .108735
   1063.21   .108768
   1063.32   .108804
   1063.43   .108823
   1063.54   .108908
   1063.65   .108898
   1063.76   .108832
   1063.86   .108826
   1063.97   .108921
   1064.08   .108924
   1064.19   .108922
   1064.30   .108964
   1064.41   .109000
   1064.52   .109000
   1064.63   .109008
   1064.74   .109050
   1064.85   .109083
   1064.96   .109078
   1065.07   .109002
   1065.17   .108989
   1065.28   .109055
   1065.39   .109138
   1065.50   .109156
   1065.61   .109138
   1065.72   .109104
   1065.83   .109079
   1065.94   .109106
   1066.05   .109145
   1066.16   .109179
   1066.27   .109144
   1066.38   .109091
   1066.49   .109070
   1066.60   .109121
   1066.71   .109187
   1066.82   .109238
   1066.93   .109169
   1067.04   .109173
   1067.15   .109255
   1067.26   .109214
   1067.37   .109184
   1067.48   .109261
   1067.59   .109305
   1067.70   .109268
   1067.81   .109281
   1067.92   .109369
   1068.03   .109345
   1068.14   .109306
   1068.25   .109320
   1068.36   .109339
   1068.47   .109412
   1068.58   .109457
   1068.69   .109435
   1068.80   .109452
   1068.91   .109413
   1069.02   .109398
   1069.13   .109481
   1069.24   .109491
   1069.35   .109470
   1069.46   .109529
   1069.57   .109527
   1069.68   .109496
   1069.79   .109530
   1069.90   .109534
   1070.01   .109541
   1070.12   .109565
   1070.23   .109532
   1070.34   .109471
   1070.45   .109513
   1070.56   .109566
   1070.67   .109542
   1070.78   .109567
   1070.89   .109638
   1071.00   .109645
   1071.11   .109612
   1071.22   .109618
   1071.33   .109645
   1071.44   .109636
   1071.56   .109649
   1071.67   .109660
   1071.78   .109650
   1071.89   .109668
   1072.00   .109704
   1072.11   .109754
   1072.22   .109744
   1072.33   .109718
   1072.44   .109752
   1072.55   .109833
   1072.66   .109872
   1072.77   .109852
   1072.89   .109794
   1073.00   .109772
   1073.11   .109807
   1073.22   .109844
   1073.33   .109868
   1073.44   .109870
   1073.55   .109884
   1073.66   .109874
   1073.77   .109870
   1073.88   .109904
   1074.00   .109919
   1074.11   .109912
   1074.22   .109904
   1074.33   .109947
   1074.44   .109959
   1074.55   .109889
   1074.66   .109912
   1074.77   .109958
   1074.89   .110022
   1075.00   .110099
   1075.11   .110127
   1075.22   .110122
   1075.33   .110093
   1075.44   .110087
   1075.55   .110069
   1075.67   .110082
   1075.78   .110116
   1075.89   .110144
   1076.00   .110187
   1076.11   .110204
   1076.22   .110214
   1076.34   .110224
   1076.45   .110162
   1076.56   .110139
   1076.67   .110198
   1076.78   .110234
   1076.89   .110249
   1077.01   .110270
   1077.12   .110269
   1077.23   .110279
   1077.34   .110313
   1077.45   .110310
   1077.57   .110272
   1077.68   .110262
   1077.79   .110339
   1077.90   .110359
   1078.01   .110314
   1078.13   .110328
   1078.24   .110339
   1078.35   .110290
   1078.46   .110290
   1078.57   .110324
   1078.69   .110396
   1078.80   .110424
   1078.91   .110373
   1079.02   .110353
   1079.13   .110376
   1079.25   .110398
   1079.36   .110393
   1079.47   .110435
   1079.58   .110424
   1079.70   .110405
   1079.81   .110480
   1079.92   .110459
   1080.03   .110442
   1080.15   .110521
   1080.26   .110574
   1080.37   .110569
   1080.48   .110581
   1080.60   .110563
   1080.71   .110531
   1080.82   .110534
   1080.93   .110531
   1081.05   .110549
   1081.16   .110602
   1081.27   .110643
   1081.38   .110649
   1081.50   .110646
   1081.61   .110665
   1081.72   .110690
   1081.84   .110733
   1081.95   .110732
   1082.06   .110732
   1082.17   .110728
   1082.29   .110696
   1082.40   .110685
   1082.51   .110711
   1082.63   .110753
   1082.74   .110813
   1082.85   .110837
   1082.96   .110839
   1083.08   .110860
   1083.19   .110910
   1083.30   .110911
   1083.42   .110857
   1083.53   .110849
   1083.64   .110887
   1083.76   .110968
   1083.87   .111011
   1083.98   .110970
   1084.10   .110941
   1084.21   .110946
   1084.32   .110962
   1084.44   .111005
   1084.55   .111045
   1084.66   .111022
   1084.78   .111012
   1084.89   .111022
   1085.00   .111048
   1085.12   .111063
   1085.23   .111105
   1085.34   .111134
   1085.46   .111098
   1085.57   .111063
   1085.68   .111116
   1085.80   .111186
   1085.91   .111207
   1086.03   .111194
   1086.14   .111169
   1086.25   .111159
   1086.37   .111209
   1086.48   .111267
   1086.59   .111268
   1086.71   .111247
   1086.82   .111216
   1086.94   .111220
   1087.05   .111256
   1087.16   .111258
   1087.28   .111267
   1087.39   .111317
   1087.51   .111353
   1087.62   .111352
   1087.73   .111341
   1087.85   .111354
   1087.96   .111375
   1088.08   .111370
   1088.19   .111383
   1088.30   .111426
   1088.42   .111383
   1088.53   .111369
   1088.65   .111391
   1088.76   .111407
   1088.88   .111379
   1088.99   .111412
   1089.10   .111493
   1089.22   .111547
   1089.33   .111502
   1089.45   .111447
   1089.56   .111458
   1089.68   .111495
   1089.79   .111545
   1089.90   .111562
   1090.02   .111547
   1090.13   .111516
   1090.25   .111531
   1090.36   .111602
   1090.48   .111634
   1090.59   .111602
   1090.71   .111624
   1090.82   .111626
   1090.94   .111632
   1091.05   .111670
   1091.17   .111705
   1091.28   .111712
   1091.39   .111715
   1091.51   .111683
   1091.62   .111667
   1091.74   .111670
   1091.85   .111719
   1091.97   .111765
   1092.08   .111798
   1092.20   .111814
   1092.31   .111812
   1092.43   .111839
   1092.54   .111811
   1092.66   .111859
   1092.77   .111901
   1092.89   .111896
   1093.00   .111940
   1093.12   .111947
   1093.23   .111907
   1093.35   .111904
   1093.47   .111936
   1093.58   .111927
   1093.70   .111969
   1093.81   .112000
   1093.93   .111984
   1094.04   .111978
   1094.16   .111983
   1094.27   .112015
   1094.39   .112059
   1094.50   .112029
   1094.62   .112020
   1094.73   .112023
   1094.85   .112016
   1094.97   .112059
   1095.08   .112078
   1095.20   .112088
   1095.31   .112131
   1095.43   .112160
   1095.54   .112153
   1095.66   .112112
   1095.78   .112129
   1095.89   .112161
   1096.01   .112190
   1096.12   .112199
   1096.24   .112221
   1096.35   .112211
   1096.47   .112145
   1096.59   .112157
   1096.70   .112192
   1096.82   .112264
   1096.93   .112296
   1097.05   .112280
   1097.17   .112292
   1097.28   .112317
   1097.40   .112314
   1097.51   .112325
   1097.63   .112356
   1097.75   .112351
   1097.86   .112353
   1097.98   .112369
   1098.09   .112377
   1098.21   .112380
   1098.33   .112378
   1098.44   .112370
   1098.56   .112406
   1098.68   .112425
   1098.79   .112432
   1098.91   .112489
   1099.03   .112541
   1099.14   .112533
   1099.26   .112537
   1099.37   .112577
   1099.49   .112584
   1099.61   .112543
   1099.72   .112566
   1099.84   .112608
   1099.96   .112609
   1100.07   .112616
   1100.19   .112637
   1100.31   .112699
   1100.42   .112699
   1100.54   .112659
   1100.66   .112657
   1100.77   .112630
   1100.89   .112655
   1101.01   .112691
   1101.13   .112654
   1101.24   .112658
   1101.36   .112756
   1101.48   .112854
   1101.59   .112845
   1101.71   .112810
   1101.83   .112853
   1101.94   .112894
   1102.06   .112861
   1102.18   .112886
   1102.29   .112917
   1102.41   .112871
   1102.53   .112851
   1102.65   .112931
   1102.76   .112925
   1102.88   .112904
   1103.00   .112962
   1103.12   .112997
   1103.23   .112993
   1103.35   .112958
   1103.47   .112949
   1103.58   .112978
   1103.70   .112985
   1103.82   .113012
   1103.94   .113059
   1104.05   .113038
   1104.17   .113007
   1104.29   .113050
   1104.41   .113101
   1104.52   .113078
   1104.64   .113060
   1104.76   .113093
   1104.88   .113137
   1105.00   .113181
   1105.11   .113170
   1105.23   .113140
   1105.35   .113156
   1105.47   .113221
   1105.58   .113228
   1105.70   .113229
   1105.82   .113226
   1105.94   .113196
   1106.06   .113211
   1106.17   .113233
   1106.29   .113234
   1106.41   .113255
   1106.53   .113250
   1106.65   .113250
   1106.76   .113264
   1106.88   .113252
   1107.00   .113285
   1107.12   .113351
   1107.24   .113378
   1107.35   .113359
   1107.47   .113384
   1107.59   .113409
   1107.71   .113425
   1107.83   .113442
   1107.95   .113473
   1108.06   .113524
   1108.18   .113552
   1108.30   .113557
   1108.42   .113552
   1108.54   .113535
   1108.66   .113513
   1108.77   .113542
   1108.89   .113562
   1109.01   .113587
   1109.13   .113615
   1109.25   .113607
   1109.37   .113622
   1109.49   .113648
   1109.60   .113658
   1109.72   .113703
   1109.84   .113715
   1109.96   .113668
   1110.08   .113679
   1110.20   .113689
   1110.32   .113722
   1110.44   .113772
   1110.55   .113754
   1110.67   .113737
   1110.79   .113763
   1110.91   .113801
   1111.03   .113774
   1111.15   .113779
   1111.27   .113812
   1111.39   .113847
   1111.51   .113864
   1111.63   .113847
   1111.74   .113845
   1111.86   .113888
   1111.98   .113923
   1112.10   .113965
   1112.22   .113951
   1112.34   .113904
   1112.46   .113897
   1112.58   .113945
   1112.70   .114010
   1112.82   .114058
   1112.94   .114029
   1113.06   .114013
   1113.18   .114005
   1113.30   .114037
   1113.41   .114063
   1113.53   .114061
   1113.65   .114085
   1113.77   .114131
   1113.89   .114128
   1114.01   .114139
   1114.13   .114173
   1114.25   .114167
   1114.37   .114130
   1114.49   .114125
   1114.61   .114163
   1114.73   .114159
   1114.85   .114174
   1114.97   .114266
   1115.09   .114308
   1115.21   .114305
   1115.33   .114326
   1115.45   .114310
   1115.57   .114314
   1115.69   .114359
   1115.81   .114388
   1115.93   .114412
   1116.05   .114402
   1116.17   .114368
   1116.29   .114366
   1116.41   .114387
   1116.53   .114370
   1116.65   .114373
   1116.77   .114404
   1116.89   .114444
   1117.01   .114489
   1117.13   .114529
   1117.25   .114527
   1117.37   .114477
   1117.49   .114491
   1117.61   .114543
   1117.73   .114575
   1117.85   .114542
   1117.97   .114510
   1118.09   .114508
   1118.21   .114546
   1118.34   .114618
   1118.46   .114673
   1118.58   .114666
   1118.70   .114659
   1118.82   .114685
   1118.94   .114692
   1119.06   .114714
   1119.18   .114710
   1119.30   .114715
   1119.42   .114766
   1119.54   .114787
   1119.66   .114761
   1119.78   .114781
   1119.90   .114801
   1120.03   .114789
   1120.15   .114831
   1120.27   .114889
   1120.39   .114891
   1120.51   .114897
   1120.63   .114929
   1120.75   .114918
   1120.87   .114924
   1120.99   .114942
   1121.11   .114928
   1121.24   .114922
   1121.36   .114928
   1121.48   .114938
   1121.60   .114960
   1121.72   .115005
   1121.84   .115033
   1121.96   .115023
   1122.09   .115004
   1122.21   .115006
   1122.33   .115015
   1122.45   .115030
   1122.57   .115059
   1122.69   .115067
   1122.81   .115094
   1122.94   .115123
   1123.06   .115122
   1123.18   .115140
   1123.30   .115215
   1123.42   .115224
   1123.54   .115168
   1123.66   .115183
   1123.79   .115186
   1123.91   .115198
   1124.03   .115226
   1124.15   .115230
   1124.27   .115227
   1124.40   .115222
   1124.52   .115246
   1124.64   .115283
   1124.76   .115292
   1124.88   .115323
   1125.01   .115367
   1125.13   .115380
   1125.25   .115391
   1125.37   .115376
   1125.49   .115397
   1125.62   .115415
   1125.74   .115430
   1125.86   .115433
   1125.98   .115408
   1126.10   .115383
   1126.23   .115422
   1126.35   .115447
   1126.47   .115494
   1126.59   .115529
   1126.72   .115547
   1126.84   .115514
   1126.96   .115507
   1127.08   .115544
   1127.21   .115544
   1127.33   .115564
   1127.45   .115606
   1127.57   .115620
   1127.70   .115609
   1127.82   .115621
   1127.94   .115636
   1128.06   .115671
   1128.19   .115709
   1128.31   .115716
   1128.43   .115722
   1128.55   .115791
   1128.68   .115790
   1128.80   .115783
   1128.92   .115801
   1129.05   .115806
   1129.17   .115802
   1129.29   .115825
   1129.41   .115848
   1129.54   .115872
   1129.66   .115874
   1129.78   .115871
   1129.91   .115880
   1130.03   .115932
   1130.15   .115978
   1130.28   .115995
   1130.40   .115994
   1130.52   .115954
   1130.64   .115949
   1130.77   .115976
   1130.89   .116001
   1131.01   .116020
   1131.14   .116022
   1131.26   .116037
   1131.38   .116042
   1131.51   .116049
   1131.63   .116079
   1131.76   .116091
   1131.88   .116080
   1132.00   .116120
   1132.13   .116135
   1132.25   .116128
   1132.37   .116160
   1132.50   .116168
   1132.62   .116131
   1132.74   .116141
   1132.87   .116192
   1132.99   .116211
   1133.11   .116230
   1133.24   .116238
   1133.36   .116254
   1133.49   .116281
   1133.61   .116301
   1133.73   .116293
   1133.86   .116311
   1133.98   .116338
   1134.11   .116346
   1134.23   .116339
   1134.35   .116354
   1134.48   .116399
   1134.60   .116423
   1134.73   .116412
   1134.85   .116375
   1134.97   .116385
   1135.10   .116414
   1135.22   .116442
   1135.35   .116492
   1135.47   .116535
   1135.60   .116509
   1135.72   .116497
   1135.84   .116548
   1135.97   .116552
   1136.09   .116547
   1136.22   .116569
   1136.34   .116569
   1136.47   .116568
   1136.59   .116574
   1136.71   .116610
   1136.84   .116658
   1136.96   .116656
   1137.09   .116640
   1137.21   .116634
   1137.34   .116687
   1137.46   .116711
   1137.59   .116691
   1137.71   .116677
   1137.84   .116690
   1137.96   .116753
   1138.09   .116777
   1138.21   .116773
   1138.34   .116807
   1138.46   .116824
   1138.59   .116829
   1138.71   .116846
   1138.84   .116876
   1138.96   .116880
   1139.09   .116863
   1139.21   .116882
   1139.34   .116908
   1139.46   .116887
   1139.59   .116898
   1139.71   .116940
   1139.84   .116941
   1139.96   .116898
   1140.09   .116934
   1140.21   .116988
   1140.34   .116957
   1140.46   .117003
   1140.59   .117054
   1140.71   .117007
   1140.84   .117007
   1140.97   .117041
   1141.09   .117087
   1141.22   .117087
   1141.34   .117077
   1141.47   .117077
   1141.59   .117077
   1141.72   .117086
   1141.84   .117128
   1141.97   .117146
   1142.10   .117131
   1142.22   .117153
   1142.35   .117192
   1142.47   .117224
   1142.60   .117242
   1142.72   .117259
   1142.85   .117251
   1142.98   .117233
   1143.10   .117256
   1143.23   .117272
   1143.35   .117269
   1143.48   .117293
   1143.61   .117301
   1143.73   .117295
   1143.86   .117342
   1143.98   .117369
   1144.11   .117355
   1144.24   .117385
   1144.36   .117431
   1144.49   .117428
   1144.62   .117448
   1144.74   .117486
   1144.87   .117489
   1144.99   .117470
   1145.12   .117467
   1145.25   .117467
   1145.37   .117479
   1145.50   .117497
   1145.63   .117542
   1145.75   .117578
   1145.88   .117576
   1146.01   .117585
   1146.13   .117600
   1146.26   .117606
   1146.39   .117638
   1146.51   .117671
   1146.64   .117618
   1146.77   .117600
   1146.89   .117642
   1147.02   .117679
   1147.15   .117675
   1147.27   .117669
   1147.40   .117695
   1147.53   .117707
   1147.65   .117741
   1147.78   .117779
   1147.91   .117787
   1148.04   .117775
   1148.16   .117773
   1148.29   .117801
   1148.42   .117825
   1148.54   .117807
   1148.67   .117793
   1148.80   .117828
   1148.93   .117862
   1149.05   .117834
   1149.18   .117810
   1149.31   .117861
   1149.43   .117909
   1149.56   .117944
   1149.69   .117977
   1149.82   .117962
   1149.94   .117914
   1150.07   .117906
   1150.20   .117934
   1150.33   .117982
   1150.45   .117995
   1150.58   .118014
   1150.71   .118025
   1150.84   .118002
   1150.96   .117991
   1151.09   .118035
   1151.22   .118087
   1151.35   .118092
   1151.48   .118109
   1151.60   .118104
   1151.73   .118079
   1151.86   .118102
   1151.99   .118145
   1152.12   .118144
   1152.24   .118170
   1152.37   .118202
   1152.50   .118192
   1152.63   .118184
   1152.76   .118165
   1152.88   .118170
   1153.01   .118218
   1153.14   .118240
   1153.27   .118258
   1153.40   .118281
   1153.52   .118310
   1153.65   .118317
   1153.78   .118306
   1153.91   .118321
   1154.04   .118340
   1154.17   .118341
   1154.29   .118326
   1154.42   .118344
   1154.55   .118383
   1154.68   .118393
   1154.81   .118414
   1154.94   .118418
   1155.07   .118408
   1155.19   .118438
   1155.32   .118460
   1155.45   .118466
   1155.58   .118509
   1155.71   .118540
   1155.84   .118529
   1155.97   .118518
   1156.09   .118536
   1156.22   .118545
   1156.35   .118539
   1156.48   .118548
   1156.61   .118584
   1156.74   .118595
   1156.87   .118600
   1157.00   .118624
   1157.13   .118640
   1157.26   .118646
   1157.38   .118621
   1157.51   .118638
   1157.64   .118662
   1157.77   .118705
   1157.90   .118746
   1158.03   .118738
   1158.16   .118725
   1158.29   .118751
   1158.42   .118769
   1158.55   .118789
   1158.68   .118814
   1158.81   .118847
   1158.94   .118823
   1159.07   .118813
   1159.20   .118828
   1159.32   .118845
   1159.45   .118881
   1159.58   .118899
   1159.71   .118908
   1159.84   .118903
   1159.97   .118894
   1160.10   .118883
   1160.23   .118894
   1160.36   .118929
   1160.49   .118964
   1160.62   .119010
   1160.75   .118997
   1160.88   .118969
   1161.01   .118958
   1161.14   .118974
   1161.27   .119016
   1161.40   .119041
   1161.53   .119038
   1161.66   .119046
   1161.79   .119070
   1161.92   .119091
   1162.05   .119078
   1162.18   .119085
   1162.31   .119118
   1162.44   .119129
   1162.57   .119147
   1162.70   .119162
   1162.83   .119199
   1162.96   .119205
   1163.09   .119194
   1163.22   .119208
   1163.35   .119233
   1163.48   .119208
   1163.62   .119201
   1163.75   .119220
   1163.88   .119251
   1164.01   .119294
   1164.14   .119320
   1164.27   .119314
   1164.40   .119322
   1164.53   .119336
   1164.66   .119365
   1164.79   .119355
   1164.92   .119344
   1165.05   .119357
   1165.18   .119382
   1165.31   .119394
   1165.45   .119420
   1165.58   .119441
   1165.71   .119456
   1165.84   .119452
   1165.97   .119454
   1166.10   .119453
   1166.23   .119455
   1166.36   .119479
   1166.49   .119505
   1166.62   .119526
   1166.76   .119527
   1166.89   .119541
   1167.02   .119560
   1167.15   .119574
   1167.28   .119566
   1167.41   .119566
   1167.54   .119594
   1167.68   .119625
   1167.81   .119642
   1167.94   .119610
   1168.07   .119591
   1168.20   .119644
   1168.33   .119692
   1168.46   .119725
   1168.60   .119723
   1168.73   .119747
   1168.86   .119760
   1168.99   .119747
   1169.12   .119751
   1169.25   .119758
   1169.39   .119781
   1169.52   .119800
   1169.65   .119801
   1169.78   .119798
   1169.91   .119816
   1170.05   .119857
   1170.18   .119842
   1170.31   .119865
   1170.44   .119930
   1170.57   .119937
   1170.71   .119920
   1170.84   .119897
   1170.97   .119877
   1171.10   .119885
   1171.23   .119905
   1171.37   .119932
   1171.50   .119950
   1171.63   .119977
   1171.76   .120000
   1171.90   .120010
   1172.03   .120000
   1172.16   .120003
   1172.29   .120025
   1172.43   .120032
   1172.56   .120052
   1172.69   .120065
   1172.82   .120052
   1172.96   .120014
   1173.09   .120038
   1173.22   .120065
   1173.35   .120089
   1173.49   .120122
   1173.62   .120128
   1173.75   .120114
   1173.88   .120116
   1174.02   .120128
   1174.15   .120126
   1174.28   .120143
   1174.42   .120149
   1174.55   .120187
   1174.68   .120226
   1174.82   .120196
   1174.95   .120172
   1175.08   .120200
   1175.21   .120224
   1175.35   .120241
   1175.48   .120224
   1175.61   .120216
   1175.75   .120249
   1175.88   .120275
   1176.01   .120293
   1176.15   .120339
   1176.28   .120352
   1176.41   .120332
   1176.55   .120324
   1176.68   .120340
   1176.81   .120393
   1176.95   .120406
   1177.08   .120407
   1177.21   .120433
   1177.35   .120457
   1177.48   .120461
   1177.62   .120462
   1177.75   .120453
   1177.88   .120446
   1178.02   .120483
   1178.15   .120511
   1178.28   .120520
   1178.42   .120556
   1178.55   .120555
   1178.69   .120545
   1178.82   .120553
   1178.95   .120577
   1179.09   .120563
   1179.22   .120565
   1179.36   .120605
   1179.49   .120630
   1179.62   .120643
   1179.76   .120643
   1179.89   .120671
   1180.03   .120686
   1180.16   .120694
   1180.30   .120694
   1180.43   .120684
   1180.56   .120683
   1180.70   .120715
   1180.83   .120748
   1180.97   .120752
   1181.10   .120752
   1181.24   .120745
   1181.37   .120756
   1181.50   .120772
   1181.64   .120794
   1181.77   .120787
   1181.91   .120795
   1182.04   .120845
   1182.18   .120861
   1182.31   .120841
   1182.45   .120853
   1182.58   .120871
   1182.72   .120876
   1182.85   .120874
   1182.99   .120869
   1183.12   .120879
   1183.26   .120885
   1183.39   .120908
   1183.53   .120911
   1183.66   .120898
   1183.80   .120905
   1183.93   .120976
   1184.07   .121014
   1184.20   .120994
   1184.34   .120992
   1184.47   .120996
   1184.61   .121019
   1184.74   .121014
   1184.88   .121023
   1185.01   .121060
   1185.15   .121074
   1185.28   .121060
   1185.42   .121054
   1185.56   .121084
   1185.69   .121107
   1185.83   .121136
   1185.96   .121165
   1186.10   .121155
   1186.23   .121150
   1186.37   .121162
   1186.50   .121171
   1186.64   .121158
   1186.78   .121185
   1186.91   .121198
   1187.05   .121198
   1187.18   .121225
   1187.32   .121258
   1187.45   .121262
   1187.59   .121243
   1187.73   .121250
   1187.86   .121257
   1188.00   .121249
   1188.13   .121275
   1188.27   .121311
   1188.41   .121308
   1188.54   .121336
   1188.68   .121362
   1188.82   .121373
   1188.95   .121382
   1189.09   .121373
   1189.22   .121390
   1189.36   .121403
   1189.50   .121396
   1189.63   .121388
   1189.77   .121416
   1189.91   .121463
   1190.04   .121500
   1190.18   .121477
   1190.32   .121462
   1190.45   .121497
   1190.59   .121514
   1190.73   .121515
   1190.86   .121538
   1191.00   .121516
   1191.14   .121526
   1191.27   .121542
   1191.41   .121530
   1191.55   .121556
   1191.68   .121581
   1191.82   .121573
   1191.96   .121575
   1192.09   .121591
   1192.23   .121594
   1192.37   .121601
   1192.51   .121642
   1192.64   .121673
   1192.78   .121677
   1192.92   .121694
   1193.05   .121694
   1193.19   .121679
   1193.33   .121655
   1193.47   .121673
   1193.60   .121706
   1193.74   .121702
   1193.88   .121708
   1194.01   .121742
   1194.15   .121758
   1194.29   .121761
   1194.43   .121746
   1194.56   .121770
   1194.70   .121802
   1194.84   .121804
   1194.98   .121795
   1195.11   .121818
   1195.25   .121847
   1195.39   .121860
   1195.53   .121848
   1195.67   .121818
   1195.80   .121833
   1195.94   .121862
   1196.08   .121893
   1196.22   .121892
   1196.36   .121889
   1196.49   .121911
   1196.63   .121937
   1196.77   .121927
   1196.91   .121908
   1197.05   .121922
   1197.18   .121948
   1197.32   .121938
   1197.46   .121943
   1197.60   .121967
   1197.74   .121991
   1197.87   .122035
   1198.01   .122053
   1198.15   .122047
   1198.29   .122044
   1198.43   .122063
   1198.57   .122091
   1198.71   .122093
   1198.84   .122078
   1198.98   .122067
   1199.12   .122096
   1199.26   .122119
   1199.40   .122110
   1199.54   .122131
   1199.68   .122155
   1199.81   .122153
   1199.95   .122142
   1200.09   .122118
   1200.23   .122140
   1200.37   .122201
   1200.51   .122218
   1200.65   .122223
   1200.79   .122224
   1200.93   .122220
   1201.06   .122227
   1201.20   .122248
   1201.34   .122278
   1201.48   .122270
   1201.62   .122226
   1201.76   .122229
   1201.90   .122256
   1202.04   .122266
   1202.18   .122281
   1202.32   .122301
   1202.46   .122312
   1202.60   .122319
   1202.74   .122352
   1202.87   .122360
   1203.01   .122348
   1203.15   .122353
   1203.29   .122370
   1203.43   .122392
   1203.57   .122385
   1203.71   .122397
   1203.85   .122421
   1203.99   .122420
   1204.13   .122407
   1204.27   .122404
   1204.41   .122418
   1204.55   .122432
   1204.69   .122465
   1204.83   .122493
   1204.97   .122500
   1205.11   .122492
   1205.25   .122489
   1205.39   .122515
   1205.53   .122534
   1205.67   .122543
   1205.81   .122558
   1205.95   .122541
   1206.09   .122532
   1206.23   .122563
   1206.37   .122588
   1206.51   .122600
   1206.65   .122613
   1206.79   .122629
   1206.93   .122630
   1207.07   .122608
   1207.21   .122638
   1207.35   .122681
   1207.49   .122653
   1207.64   .122640
   1207.78   .122670
   1207.92   .122691
   1208.06   .122699
   1208.20   .122705
   1208.34   .122727
   1208.48   .122724
   1208.62   .122710
   1208.76   .122718
   1208.90   .122741
   1209.04   .122757
   1209.18   .122734
   1209.32   .122736
   1209.47   .122788
   1209.61   .122793
   1209.75   .122786
   1209.89   .122820
   1210.03   .122846
   1210.17   .122842
   1210.31   .122836
   1210.45   .122846
   1210.59   .122838
   1210.74   .122830
   1210.88   .122856
   1211.02   .122910
   1211.16   .122944
   1211.30   .122943
   1211.44   .122913
   1211.58   .122908
   1211.73   .122933
   1211.87   .122943
   1212.01   .122956
   1212.15   .122989
   1212.29   .122987
   1212.43   .122966
   1212.58   .122990
   1212.72   .123010
   1212.86   .123024
   1213.00   .123041
   1213.14   .123037
   1213.28   .123043
   1213.43   .123045
   1213.57   .123041
   1213.71   .123037
   1213.85   .123026
   1213.99   .123055
   1214.14   .123103
   1214.28   .123116
   1214.42   .123110
   1214.56   .123105
   1214.70   .123133
   1214.85   .123165
   1214.99   .123158
   1215.13   .123157
   1215.27   .123161
   1215.42   .123147
   1215.56   .123176
   1215.70   .123205
   1215.84   .123189
   1215.99   .123201
   1216.13   .123213
   1216.27   .123225
   1216.41   .123250
   1216.56   .123250
   1216.70   .123258
   1216.84   .123273
   1216.98   .123276
   1217.13   .123282
   1217.27   .123267
   1217.41   .123305
   1217.56   .123346
   1217.70   .123341
   1217.84   .123326
   1217.98   .123337
   1218.13   .123356
   1218.27   .123365
   1218.41   .123349
   1218.56   .123346
   1218.70   .123378
   1218.84   .123411
   1218.99   .123422
   1219.13   .123414
   1219.27   .123423
   1219.42   .123453
   1219.56   .123462
   1219.70   .123447
   1219.85   .123446
   1219.99   .123459
   1220.13   .123473
   1220.28   .123503
   1220.42   .123498
   1220.56   .123498
   1220.71   .123498
   1220.85   .123497
   1220.99   .123539
   1221.14   .123541
   1221.28   .123534
   1221.43   .123575
   1221.57   .123578
   1221.71   .123566
   1221.86   .123589
   1222.00   .123598
   1222.15   .123587
   1222.29   .123604
   1222.43   .123666
   1222.58   .123665
   1222.72   .123648
   1222.87   .123668
   1223.01   .123667
   1223.16   .123660
   1223.30   .123675
   1223.44   .123687
   1223.59   .123674
   1223.73   .123677
   1223.88   .123710
   1224.02   .123734
   1224.17   .123743
   1224.31   .123744
   1224.46   .123747
   1224.60   .123743
   1224.74   .123754
   1224.89   .123783
   1225.03   .123762
   1225.18   .123756
   1225.32   .123760
   1225.47   .123779
   1225.61   .123818
   1225.76   .123811
   1225.90   .123810
   1226.05   .123836
   1226.19   .123857
   1226.34   .123871
   1226.48   .123876
   1226.63   .123873
   1226.77   .123883
   1226.92   .123914
   1227.06   .123908
   1227.21   .123881
   1227.35   .123873
   1227.50   .123915
   1227.64   .123925
   1227.79   .123924
   1227.94   .123948
   1228.08   .123968
   1228.23   .123979
   1228.37   .123980
   1228.52   .123957
   1228.66   .123954
   1228.81   .123970
   1228.95   .123993
   1229.10   .124021
   1229.25   .124029
   1229.39   .124014
   1229.54   .124029
   1229.68   .124074
   1229.83   .124080
   1229.97   .124048
   1230.12   .124039
   1230.27   .124045
   1230.41   .124087
   1230.56   .124087
   1230.70   .124064
   1230.85   .124069
   1231.00   .124078
   1231.14   .124108
   1231.29   .124138
   1231.43   .124160
   1231.58   .124185
   1231.73   .124186
   1231.87   .124167
   1232.02   .124163
   1232.17   .124176
   1232.31   .124201
   1232.46   .124204
   1232.61   .124208
   1232.75   .124214
   1232.90   .124213
   1233.05   .124231
   1233.19   .124240
   1233.34   .124237
   1233.49   .124261
   1233.63   .124286
   1233.78   .124280
   1233.93   .124269
   1234.07   .124272
   1234.22   .124291
   1234.37   .124305
   1234.51   .124288
   1234.66   .124279
   1234.81   .124300
   1234.95   .124336
   1235.10   .124365
   1235.25   .124364
   1235.40   .124352
   1235.54   .124355
   1235.69   .124362
   1235.84   .124382
   1235.98   .124400
   1236.13   .124406
   1236.28   .124410
   1236.43   .124415
   1236.57   .124425
   1236.72   .124428
   1236.87   .124458
   1237.02   .124469
   1237.16   .124450
   1237.31   .124457
   1237.46   .124445
   1237.61   .124459
   1237.76   .124485
   1237.90   .124501
   1238.05   .124508
   1238.20   .124519
   1238.35   .124530
   1238.49   .124541
   1238.64   .124533
   1238.79   .124562
   1238.94   .124584
   1239.09   .124583
   1239.23   .124593
   1239.38   .124598
   1239.53   .124606
   1239.68   .124593
   1239.83   .124583
   1239.98   .124616
   1240.12   .124638
   1240.27   .124644
   1240.42   .124647
   1240.57   .124653
   1240.72   .124668
   1240.87   .124674
   1241.01   .124658
   1241.16   .124652
   1241.31   .124673
   1241.46   .124705
   1241.61   .124710
   1241.76   .124719
   1241.91   .124744
   1242.05   .124734
   1242.20   .124711
   1242.35   .124736
   1242.50   .124766
   1242.65   .124785
   1242.80   .124786
   1242.95   .124775
   1243.10   .124769
   1243.25   .124775
   1243.40   .124804
   1243.54   .124827
   1243.69   .124842
   1243.84   .124823
   1243.99   .124812
   1244.14   .124831
   1244.29   .124848
   1244.44   .124859
   1244.59   .124856
   1244.74   .124859
   1244.89   .124864
   1245.04   .124859
   1245.19   .124888
   1245.34   .124927
   1245.49   .124924
   1245.64   .124916
   1245.79   .124934
   1245.93   .124940
   1246.08   .124950
   1246.23   .124941
   1246.38   .124953
   1246.53   .124996
   1246.68   .125008
   1246.83   .125016
   1246.98   .125021
   1247.13   .125013
   1247.28   .125036
   1247.43   .125036
   1247.58   .125025
   1247.73   .125020
   1247.88   .125034
   1248.03   .125057
   1248.18   .125058
   1248.33   .125081
   1248.48   .125087
   1248.64   .125085
   1248.79   .125113
   1248.94   .125094
   1249.09   .125077
   1249.24   .125105
   1249.39   .125143
   1249.54   .125165
   1249.69   .125155
   1249.84   .125150
   1249.99   .125146
   1250.14   .125161
   1250.29   .125171
   1250.44   .125172
   1250.59   .125181
   1250.74   .125184
   1250.89   .125194
   1251.05   .125219
   1251.20   .125234
   1251.35   .125237
   1251.50   .125243
   1251.65   .125227
   1251.80   .125229
   1251.95   .125254
   1252.10   .125275
   1252.25   .125277
   1252.41   .125284
   1252.56   .125305
   1252.71   .125314
   1252.86   .125304
   1253.01   .125292
   1253.16   .125322
   1253.31   .125347
   1253.47   .125362
   1253.62   .125374
   1253.77   .125386
   1253.92   .125381
   1254.07   .125379
   1254.22   .125383
   1254.37   .125408
   1254.53   .125417
   1254.68   .125418
   1254.83   .125422
   1254.98   .125430
   1255.13   .125440
   1255.29   .125455
   1255.44   .125447
   1255.59   .125457
   1255.74   .125484
   1255.89   .125488
   1256.05   .125497
   1256.20   .125516
   1256.35   .125512
   1256.50   .125500
   1256.66   .125530
   1256.81   .125554
   1256.96   .125559
   1257.11   .125546
   1257.26   .125529
   1257.42   .125539
   1257.57   .125561
   1257.72   .125551
   1257.87   .125528
   1258.03   .125539
   1258.18   .125589
   1258.33   .125598
   1258.49   .125599
   1258.64   .125618
   1258.79   .125624
   1258.94   .125627
   1259.10   .125624
   1259.25   .125648
   1259.40   .125691
   1259.56   .125686
   1259.71   .125671
   1259.86   .125672
   1260.01   .125675
   1260.17   .125694
   1260.32   .125681
   1260.47   .125694
   1260.63   .125739
   1260.78   .125745
   1260.93   .125739
   1261.09   .125740
   1261.24   .125731
   1261.39   .125749
   1261.55   .125777
   1261.70   .125793
   1261.85   .125810
   1262.01   .125805
   1262.16   .125811
   1262.32   .125822
   1262.47   .125839
   1262.62   .125837
   1262.78   .125836
   1262.93   .125838
   1263.08   .125861
   1263.24   .125864
   1263.39   .125848
   1263.55   .125865
   1263.70   .125870
   1263.85   .125879
   1264.01   .125909
   1264.16   .125927
   1264.32   .125918
   1264.47   .125941
   1264.62   .125980
   1264.78   .125993
   1264.93   .125961
   1265.09   .125955
   1265.24   .125998
   1265.40   .126008
   1265.55   .125976
   1265.70   .125984
   1265.86   .126022
   1266.01   .126031
   1266.17   .126032
   1266.32   .126053
   1266.48   .126057
   1266.63   .126048
   1266.79   .126062
   1266.94   .126076
   1267.10   .126097
   1267.25   .126114
   1267.41   .126129
   1267.56   .126131
   1267.72   .126116
   1267.87   .126124
   1268.03   .126130
   1268.18   .126127
   1268.34   .126146
   1268.49   .126165
   1268.65   .126165
   1268.80   .126176
   1268.96   .126185
   1269.11   .126175
   1269.27   .126158
   1269.42   .126176
   1269.58   .126203
   1269.73   .126212
   1269.89   .126212
   1270.05   .126215
   1270.20   .126232
   1270.36   .126257
   1270.51   .126267
   1270.67   .126267
   1270.82   .126279
   1270.98   .126285
   1271.14   .126296
   1271.29   .126317
   1271.45   .126343
   1271.60   .126345
   1271.76   .126329
   1271.91   .126320
   1272.07   .126350
   1272.23   .126375
   1272.38   .126372
   1272.54   .126356
   1272.70   .126367
   1272.85   .126381
   1273.01   .126402
   1273.16   .126432
   1273.32   .126435
   1273.48   .126436
   1273.63   .126455
   1273.79   .126481
   1273.95   .126494
   1274.10   .126485
   1274.26   .126470
   1274.42   .126489
   1274.57   .126519
   1274.73   .126518
   1274.89   .126521
   1275.04   .126524
   1275.20   .126540
   1275.36   .126549
   1275.51   .126543
   1275.67   .126540
   1275.83   .126551
   1275.98   .126573
   1276.14   .126592
   1276.30   .126607
   1276.46   .126629
   1276.61   .126648
   1276.77   .126651
   1276.93   .126633
   1277.08   .126620
   1277.24   .126628
   1277.40   .126637
   1277.56   .126642
   1277.71   .126657
   1277.87   .126669
   1278.03   .126686
   1278.19   .126725
   1278.34   .126707
   1278.50   .126697
   1278.66   .126730
   1278.82   .126756
   1278.97   .126754
   1279.13   .126761
   1279.29   .126772
   1279.45   .126759
   1279.61   .126759
   1279.76   .126768
   1279.92   .126783
   1280.08   .126804
   1280.24   .126823
   1280.40   .126816
   1280.55   .126824
   1280.71   .126843
   1280.87   .126862
   1281.03   .126865
   1281.19   .126867
   1281.34   .126858
   1281.50   .126848
   1281.66   .126876
   1281.82   .126910
   1281.98   .126904
   1282.14   .126889
   1282.30   .126920
   1282.45   .126955
   1282.61   .126968
   1282.77   .126955
   1282.93   .126941
   1283.09   .126965
   1283.25   .126985
   1283.41   .126973
   1283.57   .126970
   1283.72   .126991
   1283.88   .127014
   1284.04   .127004
   1284.20   .127005
   1284.36   .127035
   1284.52   .127045
   1284.68   .127036
   1284.84   .127049
   1285.00   .127072
   1285.16   .127077
   1285.32   .127105
   1285.47   .127117
   1285.63   .127121
   1285.79   .127119
   1285.95   .127123
   1286.11   .127137
   1286.27   .127141
   1286.43   .127130
   1286.59   .127129
   1286.75   .127140
   1286.91   .127191
   1287.07   .127204
   1287.23   .127194
   1287.39   .127201
   1287.55   .127202
   1287.71   .127204
   1287.87   .127221
   1288.03   .127245
   1288.19   .127271
   1288.35   .127269
   1288.51   .127262
   1288.67   .127270
   1288.83   .127272
   1288.99   .127287
   1289.15   .127301
   1289.31   .127303
   1289.47   .127303
   1289.63   .127322
   1289.79   .127337
   1289.95   .127347
   1290.11   .127353
   1290.27   .127352
   1290.43   .127353
   1290.59   .127369
   1290.76   .127407
   1290.92   .127433
   1291.08   .127431
   1291.24   .127418
   1291.40   .127438
   1291.56   .127454
   1291.72   .127451
   1291.88   .127458
   1292.04   .127473
   1292.20   .127480
   1292.36   .127488
   1292.52   .127476
   1292.69   .127468
   1292.85   .127473
   1293.01   .127495
   1293.17   .127520
   1293.33   .127522
   1293.49   .127525
   1293.65   .127554
   1293.81   .127559
   1293.98   .127556
   1294.14   .127573
   1294.30   .127592
   1294.46   .127596
   1294.62   .127603
   1294.78   .127632
   1294.95   .127642
   1295.11   .127625
   1295.27   .127635
   1295.43   .127662
   1295.59   .127674
   1295.76   .127672
   1295.92   .127684
   1296.08   .127702
   1296.24   .127694
   1296.40   .127708
   1296.57   .127711
   1296.73   .127681
   1296.89   .127680
   1297.05   .127710
   1297.21   .127720
   1297.38   .127719
   1297.54   .127740
   1297.70   .127764
   1297.86   .127783
   1298.03   .127792
   1298.19   .127797
   1298.35   .127805
   1298.51   .127811
   1298.68   .127832
   1298.84   .127846
   1299.00   .127850
   1299.16   .127869
   1299.33   .127871
   1299.49   .127852
   1299.65   .127884
   1299.82   .127908
   1299.98   .127906
   1300.14   .127912
   1300.30   .127939
   1300.47   .127948
   1300.63   .127958
   1300.79   .127984
   1300.96   .127998
   1301.12   .127990
   1301.28   .127981
   1301.45   .127995
   1301.61   .128017
   1301.77   .128015
   1301.94   .128043
   1302.10   .128064
   1302.26   .128055
   1302.43   .128055
   1302.59   .128088
   1302.76   .128102
   1302.92   .128092
   1303.08   .128090
   1303.25   .128085
   1303.41   .128086
   1303.57   .128103
   1303.74   .128106
   1303.90   .128135
   1304.07   .128161
   1304.23   .128165
   1304.39   .128180
   1304.56   .128198
   1304.72   .128190
   1304.89   .128164
   1305.05   .128186
   1305.21   .128209
   1305.38   .128216
   1305.54   .128215
   1305.71   .128207
   1305.87   .128224
   1306.04   .128256
   1306.20   .128286
   1306.37   .128290
   1306.53   .128285
   1306.69   .128287
   1306.86   .128299
   1307.02   .128314
   1307.19   .128321
   1307.35   .128344
   1307.52   .128354
   1307.68   .128355
   1307.85   .128369
   1308.01   .128386
   1308.18   .128373
   1308.34   .128376
   1308.51   .128399
   1308.67   .128415
   1308.84   .128421
   1309.00   .128427
   1309.17   .128443
   1309.33   .128457
   1309.50   .128459
   1309.67   .128476
   1309.83   .128494
   1310.00   .128495
   1310.16   .128509
   1310.33   .128532
   1310.49   .128545
   1310.66   .128559
   1310.82   .128581
   1310.99   .128595
   1311.16   .128592
   1311.32   .128572
   1311.49   .128548
   1311.65   .128572
   1311.82   .128595
   1311.99   .128584
   1312.15   .128611
   1312.32   .128631
   1312.48   .128646
   1312.65   .128669
   1312.82   .128673
   1312.98   .128650
   1313.15   .128657
   1313.31   .128671
   1313.48   .128682
   1313.65   .128695
   1313.81   .128709
   1313.98   .128725
   1314.15   .128749
   1314.31   .128771
   1314.48   .128776
   1314.65   .128783
   1314.81   .128797
   1314.98   .128807
   1315.15   .128807
   1315.31   .128821
   1315.48   .128849
   1315.65   .128851
   1315.81   .128844
   1315.98   .128845
   1316.15   .128844
   1316.32   .128881
   1316.48   .128893
   1316.65   .128884
   1316.82   .128904
   1316.98   .128923
   1317.15   .128952
   1317.32   .128974
   1317.49   .128972
   1317.65   .128970
   1317.82   .128963
   1317.99   .128956
   1318.16   .128987
   1318.32   .129029
   1318.49   .129025
   1318.66   .129013
   1318.83   .129023
   1318.99   .129044
   1319.16   .129059
   1319.33   .129063
   1319.50   .129067
   1319.67   .129062
   1319.83   .129066
   1320.00   .129069
   1320.17   .129086
   1320.34   .129114
   1320.51   .129128
   1320.67   .129124
   1320.84   .129124
   1321.01   .129151
   1321.18   .129193
   1321.35   .129203
   1321.52   .129196
   1321.68   .129203
   1321.85   .129214
   1322.02   .129239
   1322.19   .129240
   1322.36   .129236
   1322.53   .129256
   1322.70   .129278
   1322.86   .129292
   1323.03   .129291
   1323.20   .129302
   1323.37   .129317
   1323.54   .129324
   1323.71   .129332
   1323.88   .129343
   1324.05   .129370
   1324.22   .129390
   1324.39   .129379
   1324.55   .129381
   1324.72   .129394
   1324.89   .129411
   1325.06   .129425
   1325.23   .129440
   1325.40   .129421
   1325.57   .129422
   1325.74   .129442
   1325.91   .129460
   1326.08   .129486
   1326.25   .129493
   1326.42   .129488
   1326.59   .129495
   1326.76   .129501
   1326.93   .129511
   1327.10   .129531
   1327.27   .129559
   1327.44   .129557
   1327.61   .129573
   1327.78   .129591
   1327.95   .129600
   1328.12   .129599
   1328.29   .129615
   1328.46   .129641
   1328.63   .129651
   1328.80   .129665
   1328.97   .129672
   1329.14   .129657
   1329.31   .129645
   1329.48   .129660
   1329.65   .129698
   1329.82   .129715
   1329.99   .129719
   1330.16   .129725
   1330.33   .129738
   1330.50   .129733
   1330.67   .129733
   1330.84   .129747
   1331.01   .129766
   1331.19   .129792
   1331.36   .129814
   1331.53   .129823
   1331.70   .129809
   1331.87   .129798
   1332.04   .129835
   1332.21   .129873
   1332.38   .129851
   1332.55   .129847
   1332.73   .129861
   1332.90   .129856
   1333.07   .129874
   1333.24   .129911
   1333.41   .129922
   1333.58   .129933
   1333.75   .129945
   1333.93   .129955
   1334.10   .129966
   1334.27   .129974
   1334.44   .129999
   1334.61   .130010
   1334.78   .130005
   1334.96   .130006
   1335.13   .130010
   1335.30   .130015
   1335.47   .130032
   1335.64   .130051
   1335.82   .130070
   1335.99   .130077
   1336.16   .130086
   1336.33   .130104
   1336.50   .130110
   1336.68   .130108
   1336.85   .130100
   1337.02   .130115
   1337.19   .130142
   1337.37   .130138
   1337.54   .130135
   1337.71   .130164
   1337.88   .130178
   1338.06   .130186
   1338.23   .130207
   1338.40   .130207
   1338.57   .130212
   1338.75   .130236
   1338.92   .130251
   1339.09   .130251
   1339.27   .130258
   1339.44   .130287
   1339.61   .130306
   1339.79   .130307
   1339.96   .130331
   1340.13   .130341
   1340.30   .130328
   1340.48   .130358
   1340.65   .130366
   1340.82   .130375
   1341.00   .130391
   1341.17   .130390
   1341.35   .130402
   1341.52   .130426
   1341.69   .130459
   1341.87   .130480
   1342.04   .130472
   1342.21   .130466
   1342.39   .130484
   1342.56   .130509
   1342.73   .130521
   1342.91   .130530
   1343.08   .130539
   1343.26   .130559
   1343.43   .130585
   1343.60   .130595
   1343.78   .130604
   1343.95   .130627
   1344.13   .130636
   1344.30   .130639
   1344.48   .130643
   1344.65   .130655
   1344.82   .130663
   1345.00   .130658
   1345.17   .130680
   1345.35   .130695
   1345.52   .130699
   1345.70   .130699
   1345.87   .130719
   1346.05   .130758
   1346.22   .130768
   1346.40   .130766
   1346.57   .130770
   1346.75   .130793
   1346.92   .130819
   1347.10   .130816
   1347.27   .130811
   1347.45   .130826
   1347.62   .130864
   1347.80   .130884
   1347.97   .130885
   1348.15   .130899
   1348.32   .130903
   1348.50   .130902
   1348.67   .130918
   1348.85   .130926
   1349.02   .130924
   1349.20   .130940
   1349.37   .130971
   1349.55   .130991
   1349.73   .131002
   1349.90   .131014
   1350.08   .131000
   1350.25   .130999
   1350.43   .131026
   1350.60   .131047
   1350.78   .131059
   1350.96   .131055
   1351.13   .131063
   1351.31   .131085
   1351.48   .131090
   1351.66   .131097
   1351.84   .131121
   1352.01   .131130
   1352.19   .131137
   1352.37   .131150
   1352.54   .131146
   1352.72   .131161
   1352.90   .131186
   1353.07   .131191
   1353.25   .131202
   1353.42   .131233
   1353.60   .131259
   1353.78   .131254
   1353.95   .131247
   1354.13   .131250
   1354.31   .131270
   1354.49   .131283
   1354.66   .131303
   1354.84   .131314
   1355.02   .131320
   1355.19   .131343
   1355.37   .131389
   1355.55   .131406
   1355.73   .131391
   1355.90   .131401
   1356.08   .131416
   1356.26   .131425
   1356.43   .131458
   1356.61   .131480
   1356.79   .131483
   1356.97   .131483
   1357.14   .131481
   1357.32   .131475
   1357.50   .131498
   1357.68   .131529
   1357.86   .131551
   1358.03   .131551
   1358.21   .131549
   1358.39   .131559
   1358.57   .131579
   1358.74   .131603
   1358.92   .131605
   1359.10   .131619
   1359.28   .131644
   1359.46   .131661
   1359.64   .131667
   1359.81   .131668
   1359.99   .131672
   1360.17   .131701
   1360.35   .131705
   1360.53   .131713
   1360.71   .131748
   1360.88   .131756
   1361.06   .131749
   1361.24   .131752
   1361.42   .131763
   1361.60   .131772
   1361.78   .131777
   1361.96   .131802
   1362.14   .131815
   1362.32   .131829
   1362.49   .131841
   1362.67   .131842
   1362.85   .131875
   1363.03   .131905
   1363.21   .131916
   1363.39   .131918
   1363.57   .131923
   1363.75   .131928
   1363.93   .131940
   1364.11   .131936
   1364.29   .131947
   1364.47   .131961
   1364.65   .131975
   1364.83   .131991
   1365.01   .132017
   1365.18   .132035
   1365.36   .132042
   1365.54   .132059
   1365.72   .132065
   1365.90   .132063
   1366.08   .132071
   1366.26   .132094
   1366.44   .132127
   1366.62   .132139
   1366.80   .132155
   1366.98   .132168
   1367.16   .132167
   1367.34   .132179
   1367.53   .132187
   1367.71   .132195
   1367.89   .132196
   1368.07   .132218
   1368.25   .132241
   1368.43   .132254
   1368.61   .132257
   1368.79   .132271
   1368.97   .132297
   1369.15   .132317
   1369.33   .132317
   1369.51   .132334
   1369.69   .132368
   1369.87   .132377
   1370.05   .132358
   1370.24   .132355
   1370.42   .132381
   1370.60   .132402
   1370.78   .132393
   1370.96   .132394
   1371.14   .132424
   1371.32   .132455
   1371.50   .132478
   1371.69   .132495
   1371.87   .132483
   1372.05   .132486
   1372.23   .132498
   1372.41   .132530
   1372.59   .132552
   1372.78   .132554
   1372.96   .132576
   1373.14   .132579
   1373.32   .132577
   1373.50   .132595
   1373.68   .132626
   1373.87   .132652
   1374.05   .132664
   1374.23   .132665
   1374.41   .132679
   1374.60   .132687
   1374.78   .132712
   1374.96   .132734
   1375.14   .132741
   1375.32   .132738
   1375.51   .132737
   1375.69   .132748
   1375.87   .132766
   1376.05   .132790
   1376.24   .132799
   1376.42   .132826
   1376.60   .132840
   1376.79   .132830
   1376.97   .132827
   1377.15   .132845
   1377.33   .132867
   1377.52   .132890
   1377.70   .132917
   1377.88   .132920
   1378.07   .132918
   1378.25   .132915
   1378.43   .132922
   1378.62   .132936
   1378.80   .132962
   1378.98   .132991
   1379.17   .133015
   1379.35   .133031
   1379.53   .133053
   1379.72   .133067
   1379.90   .133076
   1380.08   .133084
   1380.27   .133075
   1380.45   .133080
   1380.63   .133090
   1380.82   .133098
   1381.00   .133115
   1381.19   .133161
   1381.37   .133193
   1381.55   .133196
   1381.74   .133193
   1381.92   .133193
   1382.11   .133198
   1382.29   .133201
   1382.48   .133203
   1382.66   .133220
   1382.84   .133245
   1383.03   .133265
   1383.21   .133287
   1383.40   .133313
   1383.58   .133315
   1383.77   .133322
   1383.95   .133339
   1384.14   .133351
   1384.32   .133358
   1384.51   .133368
   1384.69   .133372
   1384.88   .133374
   1385.06   .133383
   1385.25   .133413
   1385.43   .133444
   1385.62   .133465
   1385.80   .133480
   1385.99   .133502
   1386.17   .133508
   1386.36   .133516
   1386.54   .133540
   1386.73   .133559
   1386.91   .133555
   1387.10   .133558
   1387.28   .133576
   1387.47   .133600
   1387.66   .133614
   1387.84   .133616
   1388.03   .133628
   1388.21   .133652
   1388.40   .133658
   1388.58   .133673
   1388.77   .133703
   1388.96   .133712
   1389.14   .133706
   1389.33   .133707
   1389.52   .133726
   1389.70   .133742
   1389.89   .133773
   1390.07   .133804
   1390.26   .133809
   1390.45   .133819
   1390.63   .133824
   1390.82   .133829
   1391.01   .133846
   1391.19   .133849
   1391.38   .133866
   1391.57   .133880
   1391.75   .133909
   1391.94   .133928
   1392.13   .133927
   1392.31   .133936
   1392.50   .133946
   1392.69   .133964
   1392.87   .133988
   1393.06   .133990
   1393.25   .134000
   1393.44   .134008
   1393.62   .134031
   1393.81   .134071
   1394.00   .134082
   1394.19   .134095
   1394.37   .134091
   1394.56   .134078
   1394.75   .134091
   1394.94   .134125
   1395.12   .134153
   1395.31   .134158
   1395.50   .134170
   1395.69   .134166
   1395.87   .134175
   1396.06   .134197
   1396.25   .134186
   1396.44   .134203
   1396.63   .134233
   1396.81   .134238
   1397.00   .134236
   1397.19   .134238
   1397.38   .134279
   1397.57   .134313
   1397.76   .134318
   1397.94   .134319
   1398.13   .134350
   1398.32   .134348
   1398.51   .134339
   1398.70   .134356
   1398.89   .134368
   1399.08   .134388
   1399.26   .134414
   1399.45   .134424
   1399.64   .134432
   1399.83   .134449
   1400.02   .134473
   1400.21   .134474
   1400.40   .134478
   1400.59   .134488
   1400.78   .134521
   1400.97   .134548
   1401.16   .134562
   1401.34   .134562
   1401.53   .134554
   1401.72   .134582
   1401.91   .134615
   1402.10   .134617
   1402.29   .134626
   1402.48   .134649
   1402.67   .134664
   1402.86   .134659
   1403.05   .134669
   1403.24   .134686
   1403.43   .134698
   1403.62   .134718
   1403.81   .134737
   1404.00   .134757
   1404.19   .134769
   1404.38   .134780
   1404.57   .134796
   1404.76   .134798
   1404.95   .134804
   1405.14   .134808
   1405.33   .134830
   1405.52   .134856
   1405.71   .134860
   1405.90   .134875
   1406.10   .134888
   1406.29   .134890
   1406.48   .134919
   1406.67   .134944
   1406.86   .134936
   1407.05   .134923
   1407.24   .134941
   1407.43   .134959
   1407.62   .134977
   1407.81   .134993
   1408.00   .135007
   1408.20   .135025
   1408.39   .135042
   1408.58   .135040
   1408.77   .135053
   1408.96   .135084
   1409.15   .135108
   1409.34   .135098
   1409.54   .135097
   1409.73   .135110
   1409.92   .135140
   1410.11   .135163
   1410.30   .135173
   1410.49   .135185
   1410.69   .135189
   1410.88   .135204
   1411.07   .135233
   1411.26   .135251
   1411.45   .135254
   1411.65   .135246
   1411.84   .135266
   1412.03   .135296
   1412.22   .135313
   1412.42   .135317
   1412.61   .135330
   1412.80   .135348
   1412.99   .135366
   1413.19   .135384
   1413.38   .135400
   1413.57   .135412
   1413.76   .135425
   1413.96   .135445
   1414.15   .135465
   1414.34   .135463
   1414.54   .135455
   1414.73   .135476
   1414.92   .135525
   1415.11   .135540
   1415.31   .135548
   1415.50   .135568
   1415.69   .135569
   1415.89   .135574
   1416.08   .135596
   1416.27   .135615
   1416.47   .135629
   1416.66   .135630
   1416.85   .135639
   1417.05   .135661
   1417.24   .135682
   1417.44   .135694
   1417.63   .135701
   1417.82   .135723
   1418.02   .135751
   1418.21   .135760
   1418.40   .135757
   1418.60   .135760
   1418.79   .135785
   1418.99   .135801
   1419.18   .135822
   1419.38   .135860
   1419.57   .135891
   1419.76   .135895
   1419.96   .135884
   1420.15   .135887
   1420.35   .135891
   1420.54   .135905
   1420.74   .135923
   1420.93   .135934
   1421.13   .135924
   1421.32   .135935
   1421.52   .135966
   1421.71   .136006
   1421.91   .136016
   1422.10   .136012
   1422.30   .136031
   1422.49   .136056
   1422.69   .136065
   1422.88   .136061
   1423.08   .136063
   1423.27   .136105
   1423.47   .136126
   1423.66   .136123
   1423.86   .136141
   1424.05   .136178
   1424.25   .136207
   1424.44   .136202
   1424.64   .136191
   1424.84   .136211
   1425.03   .136251
   1425.23   .136279
   1425.42   .136280
   1425.62   .136265
   1425.82   .136278
   1426.01   .136306
   1426.21   .136324
   1426.40   .136335
   1426.60   .136355
   1426.80   .136387
   1426.99   .136414
   1427.19   .136422
   1427.39   .136442
   1427.58   .136457
   1427.78   .136459
   1427.98   .136470
   1428.17   .136492
   1428.37   .136509
   1428.57   .136514
   1428.76   .136521
   1428.96   .136533
   1429.16   .136564
   1429.35   .136592
   1429.55   .136608
   1429.75   .136618
   1429.94   .136631
   1430.14   .136663
   1430.34   .136678
   1430.54   .136680
   1430.73   .136684
   1430.93   .136691
   1431.13   .136703
   1431.33   .136735
   1431.52   .136756
   1431.72   .136760
   1431.92   .136764
   1432.12   .136791
   1432.31   .136831
   1432.51   .136849
   1432.71   .136853
   1432.91   .136869
   1433.11   .136887
   1433.30   .136889
   1433.50   .136880
   1433.70   .136895
   1433.90   .136922
   1434.10   .136955
   1434.30   .136973
   1434.49   .136978
   1434.69   .136987
   1434.89   .137025
   1435.09   .137048
   1435.29   .137042
   1435.49   .137060
   1435.69   .137092
   1435.88   .137087
   1436.08   .137096
   1436.28   .137117
   1436.48   .137136
   1436.68   .137141
   1436.88   .137165
   1437.08   .137191
   1437.28   .137189
   1437.48   .137190
   1437.68   .137227
   1437.88   .137245
   1438.08   .137255
   1438.27   .137284
   1438.47   .137309
   1438.67   .137312
   1438.87   .137340
   1439.07   .137365
   1439.27   .137371
   1439.47   .137378
   1439.67   .137385
   1439.87   .137411
   1440.07   .137442
   1440.27   .137453
   1440.47   .137459
   1440.67   .137457
   1440.87   .137474
   1441.07   .137485
   1441.27   .137488
   1441.47   .137510
   1441.67   .137547
   1441.87   .137574
   1442.08   .137585
   1442.28   .137565
   1442.48   .137558
   1442.68   .137595
   1442.88   .137629
   1443.08   .137639
   1443.28   .137657
   1443.48   .137671
   1443.68   .137693
   1443.88   .137712
   1444.08   .137718
   1444.28   .137737
   1444.49   .137760
   1444.69   .137766
   1444.89   .137776
   1445.09   .137800
   1445.29   .137819
   1445.49   .137833
   1445.69   .137840
   1445.90   .137852
   1446.10   .137858
   1446.30   .137872
   1446.50   .137889
   1446.70   .137897
   1446.90   .137929
   1447.11   .137963
   1447.31   .137974
   1447.51   .137971
   1447.71   .137978
   1447.91   .137999
   1448.12   .138014
   1448.32   .138028
   1448.52   .138050
   1448.72   .138064
   1448.93   .138079
   1449.13   .138114
   1449.33   .138141
   1449.53   .138152
   1449.74   .138155
   1449.94   .138169
   1450.14   .138176
   1450.34   .138179
   1450.55   .138197
   1450.75   .138224
   1450.95   .138245
   1451.16   .138258
   1451.36   .138265
   1451.56   .138270
   1451.77   .138296
   1451.97   .138330
   1452.17   .138351
   1452.38   .138369
   1452.58   .138390
   1452.78   .138397
   1452.99   .138404
   1453.19   .138402
   1453.39   .138413
   1453.60   .138443
   1453.80   .138461
   1454.01   .138469
   1454.21   .138490
   1454.41   .138509
   1454.62   .138513
   1454.82   .138516
   1455.03   .138520
   1455.23   .138566
   1455.43   .138591
   1455.64   .138586
   1455.84   .138598
   1456.05   .138642
   1456.25   .138655
   1456.46   .138652
   1456.66   .138676
   1456.86   .138706
   1457.07   .138715
   1457.27   .138716
   1457.48   .138733
   1457.68   .138757
   1457.89   .138779
   1458.09   .138790
   1458.30   .138812
   1458.50   .138830
   1458.71   .138830
   1458.91   .138847
   1459.12   .138861
   1459.33   .138875
   1459.53   .138890
   1459.74   .138903
   1459.94   .138911
   1460.15   .138944
   1460.35   .138970
   1460.56   .138984
   1460.76   .138997
   1460.97   .139020
   1461.18   .139033
   1461.38   .139030
   1461.59   .139042
   1461.79   .139062
   1462.00   .139088
   1462.21   .139101
   1462.41   .139121
   1462.62   .139128
   1462.83   .139149
   1463.03   .139189
   1463.24   .139209
   1463.44   .139227
   1463.65   .139238
   1463.86   .139234
   1464.06   .139240
   1464.27   .139255
   1464.48   .139279
   1464.68   .139310
   1464.89   .139329
   1465.10   .139351
   1465.31   .139356
   1465.51   .139368
   1465.72   .139389
   1465.93   .139402
   1466.13   .139420
   1466.34   .139436
   1466.55   .139457
   1466.76   .139482
   1466.96   .139516
   1467.17   .139530
   1467.38   .139527
   1467.59   .139539
   1467.79   .139552
   1468.00   .139582
   1468.21   .139599
   1468.42   .139602
   1468.63   .139617
   1468.83   .139636
   1469.04   .139642
   1469.25   .139645
   1469.46   .139676
   1469.67   .139706
   1469.88   .139715
   1470.08   .139738
   1470.29   .139761
   1470.50   .139756
   1470.71   .139762
   1470.92   .139805
   1471.13   .139821
   1471.33   .139832
   1471.54   .139868
   1471.75   .139895
   1471.96   .139892
   1472.17   .139918
   1472.38   .139950
   1472.59   .139947
   1472.80   .139953
   1473.01   .139987
   1473.22   .140012
   1473.43   .140008
   1473.64   .140031
   1473.84   .140060
   1474.05   .140073
   1474.26   .140085
   1474.47   .140079
   1474.68   .140090
   1474.89   .140120
   1475.10   .140145
   1475.31   .140156
   1475.52   .140168
   1475.73   .140201
   1475.94   .140224
   1476.15   .140224
   1476.36   .140236
   1476.57   .140263
   1476.78   .140285
   1476.99   .140313
   1477.20   .140346
   1477.41   .140357
   1477.62   .140377
   1477.84   .140394
   1478.05   .140380
   1478.26   .140383
   1478.47   .140390
   1478.68   .140423
   1478.89   .140460
   1479.10   .140479
   1479.31   .140501
   1479.52   .140504
   1479.73   .140511
   1479.94   .140536
   1480.16   .140553
   1480.37   .140557
   1480.58   .140582
   1480.79   .140602
   1481.00   .140611
   1481.21   .140624
   1481.42   .140639
   1481.64   .140660
   1481.85   .140689
   1482.06   .140710
   1482.27   .140735
   1482.48   .140735
   1482.70   .140732
   1482.91   .140764
   1483.12   .140783
   1483.33   .140782
   1483.54   .140805
   1483.76   .140832
   1483.97   .140843
   1484.18   .140846
   1484.39   .140874
   1484.61   .140907
   1484.82   .140922
   1485.03   .140930
   1485.24   .140943
   1485.46   .140967
   1485.67   .140973
   1485.88   .140978
   1486.10   .141012
   1486.31   .141025
   1486.52   .141041
   1486.73   .141050
   1486.95   .141069
   1487.16   .141090
   1487.37   .141116
   1487.59   .141137
   1487.80   .141146
   1488.01   .141165
   1488.23   .141191
   1488.44   .141198
   1488.66   .141198
   1488.87   .141211
   1489.08   .141237
   1489.30   .141244
   1489.51   .141273
   1489.72   .141309
   1489.94   .141326
   1490.15   .141343
   1490.37   .141370
   1490.58   .141390
   1490.80   .141401
   1491.01   .141410
   1491.22   .141421
   1491.44   .141428
   1491.65   .141437
   1491.87   .141464
   1492.08   .141479
   1492.30   .141481
   1492.51   .141490
   1492.73   .141522
   1492.94   .141548
   1493.16   .141567
   1493.37   .141574
   1493.59   .141582
   1493.80   .141617
   1494.02   .141628
   1494.23   .141643
   1494.45   .141665
   1494.66   .141667
   1494.88   .141672
   1495.09   .141697
   1495.31   .141714
   1495.53   .141751
   1495.74   .141783
   1495.96   .141779
   1496.17   .141768
   1496.39   .141791
   1496.60   .141827
   1496.82   .141848
   1497.04   .141858
   1497.25   .141866
   1497.47   .141874
   1497.69   .141896
   1497.90   .141930
   1498.12   .141941
   1498.33   .141950
   1498.55   .141962
   1498.77   .141979
   1498.98   .142013
   1499.20   .142038
   1499.42   .142050
   1499.63   .142059
   1499.85   .142075
   1500.07   .142091
   1500.29   .142112
   1500.50   .142135
   1500.72   .142150
   1500.94   .142164
   1501.15   .142184
   1501.37   .142198
   1501.59   .142212
   1501.81   .142222
   1502.02   .142241
   1502.24   .142256
   1502.46   .142267
   1502.68   .142293
   1502.90   .142319
   1503.11   .142316
   1503.33   .142326
   1503.55   .142353
   1503.77   .142372
   1503.98   .142377
   1504.20   .142410
   1504.42   .142430
   1504.64   .142421
   1504.86   .142442
   1505.08   .142476
   1505.29   .142504
   1505.51   .142535
   1505.73   .142551
   1505.95   .142573
   1506.17   .142588
   1506.39   .142599
   1506.61   .142621
   1506.83   .142634
   1507.05   .142639
   1507.26   .142649
   1507.48   .142663
   1507.70   .142704
   1507.92   .142739
   1508.14   .142751
   1508.36   .142754
   1508.58   .142760
   1508.80   .142793
   1509.02   .142817
   1509.24   .142829
   1509.46   .142839
   1509.68   .142849
   1509.90   .142868
   1510.12   .142872
   1510.34   .142896
   1510.56   .142926
   1510.78   .142948
   1511.00   .142964
   1511.22   .142968
   1511.44   .142983
   1511.66   .142996
   1511.88   .143002
   1512.10   .143027
   1512.32   .143050
   1512.54   .143059
   1512.76   .143056
   1512.98   .143082
   1513.20   .143105
   1513.42   .143107
   1513.64   .143124
   1513.87   .143141
   1514.09   .143160
   1514.31   .143184
   1514.53   .143188
   1514.75   .143210
   1514.97   .143255
   1515.19   .143283
   1515.41   .143284
   1515.64   .143285
   1515.86   .143294
   1516.08   .143312
   1516.30   .143336
   1516.52   .143368
   1516.74   .143397
   1516.97   .143417
   1517.19   .143422
   1517.41   .143441
   1517.63   .143464
   1517.85   .143468
   1518.08   .143458
   1518.30   .143472
   1518.52   .143514
   1518.74   .143544
   1518.97   .143555
   1519.19   .143574
   1519.41   .143582
   1519.63   .143595
   1519.86   .143617
   1520.08   .143634
   1520.30   .143639
   1520.53   .143652
   1520.75   .143685
   1520.97   .143704
   1521.19   .143732
   1521.42   .143754
   1521.64   .143764
   1521.86   .143768
   1522.09   .143781
   1522.31   .143788
   1522.53   .143794
   1522.76   .143817
   1522.98   .143837
   1523.21   .143844
   1523.43   .143842
   1523.65   .143856
   1523.88   .143879
   1524.10   .143914
   1524.32   .143937
   1524.55   .143953
   1524.77   .143963
   1525.00   .143984
   1525.22   .144005
   1525.45   .144020
   1525.67   .144028
   1525.89   .144056
   1526.12   .144086
   1526.34   .144096
   1526.57   .144101
   1526.79   .144127
   1527.02   .144146
   1527.24   .144154
   1527.47   .144173
   1527.69   .144183
   1527.92   .144217
   1528.14   .144249
   1528.37   .144239
   1528.59   .144238
   1528.82   .144257
   1529.05   .144293
   1529.27   .144318
   1529.50   .144312
   1529.72   .144317
   1529.95   .144338
   1530.17   .144352
   1530.40   .144348
   1530.62   .144373
   1530.85   .144404
   1531.08   .144405
   1531.30   .144416
   1531.53   .144449
   1531.76   .144466
   1531.98   .144484
   1532.21   .144516
   1532.43   .144529
   1532.66   .144538
   1532.89   .144546
   1533.11   .144567
   1533.34   .144586
   1533.57   .144586
   1533.79   .144595
   1534.02   .144622
   1534.25   .144642
   1534.48   .144649
   1534.70   .144668
   1534.93   .144715
   1535.16   .144745
   1535.38   .144769
   1535.61   .144770
   1535.84   .144746
   1536.07   .144748
   1536.29   .144765
   1536.52   .144794
   1536.75   .144812
   1536.98   .144815
   1537.21   .144822
   1537.43   .144838
   1537.66   .144872
   1537.89   .144907
   1538.12   .144911
   1538.35   .144912
   1538.57   .144923
   1538.80   .144942
   1539.03   .144977
   1539.26   .145002
   1539.49   .144998
   1539.72   .145003
   1539.94   .145018
   1540.17   .145026
   1540.40   .145049
   1540.63   .145083
   1540.86   .145108
   1541.09   .145125
   1541.32   .145136
   1541.55   .145145
   1541.78   .145151
   1542.01   .145175
   1542.23   .145197
   1542.46   .145203
   1542.69   .145223
   1542.92   .145240
   1543.15   .145244
   1543.38   .145256
   1543.61   .145292
   1543.84   .145308
   1544.07   .145310
   1544.30   .145315
   1544.53   .145333
   1544.76   .145346
   1544.99   .145359
   1545.22   .145370
   1545.45   .145375
   1545.68   .145391
   1545.91   .145409
   1546.14   .145417
   1546.37   .145432
   1546.60   .145467
   1546.84   .145499
   1547.07   .145514
   1547.30   .145533
   1547.53   .145544
   1547.76   .145544
   1547.99   .145547
   1548.22   .145562
   1548.45   .145587
   1548.68   .145584
   1548.92   .145584
   1549.15   .145610
   1549.38   .145632
   1549.61   .145656
   1549.84   .145695
   1550.07   .145706
   1550.30   .145714
   1550.54   .145736
   1550.77   .145759
   1551.00   .145770
   1551.23   .145795
   1551.46   .145811
   1551.70   .145807
   1551.93   .145829
   1552.16   .145860
   1552.39   .145868
   1552.63   .145867
   1552.86   .145894
   1553.09   .145921
   1553.32   .145926
   1553.56   .145925
   1553.79   .145914
   1554.02   .145929
   1554.25   .145968
   1554.49   .145990
   1554.72   .146011
   1554.95   .146028
   1555.19   .146032
   1555.42   .146054
   1555.65   .146086
   1555.89   .146106
   1556.12   .146110
   1556.35   .146111
   1556.59   .146127
   1556.82   .146157
   1557.06   .146172
   1557.29   .146182
   1557.52   .146199
   1557.76   .146212
   1557.99   .146228
   1558.23   .146244
   1558.46   .146259
   1558.69   .146283
   1558.93   .146309
   1559.16   .146311
   1559.40   .146302
   1559.63   .146321
   1559.87   .146354
   1560.10   .146372
   1560.34   .146408
   1560.57   .146431
   1560.81   .146425
   1561.04   .146414
   1561.28   .146434
   1561.51   .146461
   1561.75   .146482
   1561.98   .146499
   1562.22   .146487
   1562.45   .146494
   1562.69   .146519
   1562.92   .146552
   1563.16   .146576
   1563.39   .146589
   1563.63   .146603
   1563.87   .146629
   1564.10   .146627
   1564.34   .146626
   1564.57   .146654
   1564.81   .146673
   1565.05   .146681
   1565.28   .146696
   1565.52   .146709
   1565.75   .146722
   1565.99   .146749
   1566.23   .146761
   1566.46   .146775
   1566.70   .146771
   1566.94   .146778
   1567.17   .146812
   1567.41   .146824
   1567.65   .146855
   1567.88   .146879
   1568.12   .146880
   1568.36   .146897
   1568.60   .146909
   1568.83   .146924
   1569.07   .146937
   1569.31   .146951
   1569.55   .146968
   1569.78   .146983
   1570.02   .146995
   1570.26   .147018
   1570.50   .147043
   1570.74   .147049
   1570.97   .147054
   1571.21   .147073
   1571.45   .147122
   1571.69   .147125
   1571.93   .147096
   1572.16   .147091
   1572.40   .147133
   1572.64   .147181
   1572.88   .147183
   1573.12   .147182
   1573.36   .147180
   1573.60   .147191
   1573.83   .147225
   1574.07   .147226
   1574.31   .147229
   1574.55   .147254
   1574.79   .147261
   1575.03   .147278
   1575.27   .147306
   1575.51   .147316
   1575.75   .147348
   1575.99   .147384
   1576.23   .147384
   1576.47   .147384
   1576.71   .147395
   1576.95   .147414
   1577.19   .147442
   1577.43   .147458
   1577.67   .147460
   1577.91   .147488
   1578.15   .147517
   1578.39   .147531
   1578.63   .147527
   1578.87   .147530
   1579.11   .147552
   1579.35   .147575
   1579.59   .147591
   1579.83   .147600
   1580.07   .147600
   1580.31   .147608
   1580.55   .147626
   1580.79   .147657
   1581.03   .147670
   1581.27   .147666
   1581.52   .147693
   1581.76   .147725
   1582.00   .147733
   1582.24   .147765
   1582.48   .147799
   1582.72   .147804
   1582.96   .147802
   1583.21   .147798
   1583.45   .147808
   1583.69   .147850
   1583.93   .147880
   1584.17   .147884
   1584.41   .147878
   1584.66   .147883
   1584.90   .147919
   1585.14   .147952
   1585.38   .147955
   1585.63   .147931
   1585.87   .147929
   1586.11   .147946
   1586.35   .147975
   1586.60   .148000
   1586.84   .148013
   1587.08   .148029
   1587.33   .148019
   1587.57   .148030
   1587.81   .148053
   1588.05   .148075
   1588.30   .148095
   1588.54   .148099
   1588.78   .148116
   1589.03   .148142
   1589.27   .148144
   1589.52   .148138
   1589.76   .148148
   1590.00   .148182
   1590.25   .148200
   1590.49   .148205
   1590.73   .148217
   1590.98   .148234
   1591.22   .148247
   1591.47   .148261
   1591.71   .148266
   1591.96   .148288
   1592.20   .148309
   1592.44   .148337
   1592.69   .148349
   1592.93   .148345
   1593.18   .148376
   1593.42   .148394
   1593.67   .148404
   1593.91   .148429
   1594.16   .148435
   1594.40   .148429
   1594.65   .148436
   1594.89   .148459
   1595.14   .148499
   1595.38   .148520
   1595.63   .148523
   1595.88   .148528
   1596.12   .148544
   1596.37   .148569
   1596.61   .148574
   1596.86   .148572
   1597.10   .148572
   1597.35   .148570
   1597.60   .148601
   1597.84   .148624
   1598.09   .148627
   1598.34   .148634
   1598.58   .148654
   1598.83   .148678
   1599.07   .148696
   1599.32   .148706
   1599.57   .148711
   1599.81   .148726
   1600.06   .148739
   1600.31   .148752
   1600.56   .148772
   1600.80   .148792
   1601.05   .148799
   1601.30   .148815
   1601.54   .148830
   1601.79   .148844
   1602.04   .148854
   1602.29   .148861
   1602.53   .148881
   1602.78   .148883
   1603.03   .148890
   1603.28   .148918
   1603.53   .148950
   1603.77   .148970
   1604.02   .148983
   1604.27   .148988
   1604.52   .148998
   1604.77   .148991
   1605.01   .149001
   1605.26   .149021
   1605.51   .149035
   1605.76   .149044
   1606.01   .149066
   1606.26   .149090
   1606.51   .149098
   1606.76   .149110
   1607.00   .149136
   1607.25   .149145
   1607.50   .149138
   1607.75   .149151
   1608.00   .149179
   1608.25   .149188
   1608.50   .149191
   1608.75   .149208
   1609.00   .149222
   1609.25   .149233
   1609.50   .149243
   1609.75   .149243
   1610.00   .149247
   1610.25   .149276
   1610.50   .149290
   1610.75   .149306
   1611.00   .149328
   1611.25   .149346
   1611.50   .149341
   1611.75   .149347
   1612.00   .149362
   1612.25   .149384
   1612.50   .149404
   1612.75   .149404
   1613.00   .149413
   1613.26   .149440
   1613.51   .149464
   1613.76   .149452
   1614.01   .149456
   1614.26   .149482
   1614.51   .149510
   1614.76   .149525
   1615.01   .149537
   1615.27   .149547
   1615.52   .149555
   1615.77   .149567
   1616.02   .149587
   1616.27   .149603
   1616.52   .149610
   1616.78   .149630
   1617.03   .149660
   1617.28   .149674
   1617.53   .149669
   1617.79   .149667
   1618.04   .149682
   1618.29   .149706
   1618.54   .149731
   1618.80   .149742
   1619.05   .149749
   1619.30   .149741
   1619.55   .149757
   1619.81   .149790
   1620.06   .149809
   1620.31   .149840
   1620.57   .149852
   1620.82   .149850
   1621.07   .149856
   1621.33   .149857
   1621.58   .149863
   1621.83   .149895
   1622.09   .149921
   1622.34   .149915
   1622.59   .149926
   1622.85   .149955
   1623.10   .149976
   1623.36   .149986
   1623.61   .149991
   1623.87   .149992
   1624.12   .149991
   1624.37   .150003
   1624.63   .150057
   1624.88   .150077
   1625.14   .150095
   1625.39   .150099
   1625.65   .150102
   1625.90   .150112
   1626.16   .150124
   1626.41   .150136
   1626.67   .150139
   1626.92   .150147
   1627.18   .150168
   1627.43   .150194
   1627.69   .150210
   1627.94   .150214
   1628.20   .150219
   1628.46   .150216
   1628.71   .150244
   1628.97   .150270
   1629.22   .150284
   1629.48   .150296
   1629.74   .150293
   1629.99   .150308
   1630.25   .150323
   1630.50   .150334
   1630.76   .150359
   1631.02   .150363
   1631.27   .150369
   1631.53   .150384
   1631.79   .150394
   1632.04   .150411
   1632.30   .150431
   1632.56   .150440
   1632.81   .150446
   1633.07   .150479
   1633.33   .150500
   1633.59   .150496
   1633.84   .150505
   1634.10   .150520
   1634.36   .150520
   1634.62   .150525
   1634.87   .150546
   1635.13   .150566
   1635.39   .150593
   1635.65   .150618
   1635.91   .150630
   1636.16   .150631
   1636.42   .150617
   1636.68   .150627
   1636.94   .150646
   1637.20   .150671
   1637.46   .150697
   1637.71   .150700
   1637.97   .150700
   1638.23   .150708
   1638.49   .150707
   1638.75   .150725
   1639.01   .150742
   1639.27   .150755
   1639.53   .150779
   1639.79   .150786
   1640.05   .150797
   1640.31   .150826
   1640.56   .150850
   1640.82   .150859
   1641.08   .150881
   1641.34   .150891
   1641.60   .150887
   1641.86   .150891
   1642.12   .150897
   1642.38   .150917
   1642.64   .150941
   1642.90   .150954
   1643.16   .150964
   1643.42   .150991
   1643.69   .151012
   1643.95   .151005
   1644.21   .151013
   1644.47   .151024
   1644.73   .151032
   1644.99   .151051
   1645.25   .151078
   1645.51   .151089
   1645.77   .151099
   1646.03   .151111
   1646.29   .151118
   1646.56   .151120
   1646.82   .151129
   1647.08   .151141
   1647.34   .151144
   1647.60   .151156
   1647.86   .151168
   1648.13   .151164
   1648.39   .151191
   1648.65   .151224
   1648.91   .151229
   1649.17   .151238
   1649.44   .151238
   1649.70   .151246
   1649.96   .151262
   1650.22   .151291
   1650.49   .151304
   1650.75   .151323
   1651.01   .151337
   1651.28   .151346
   1651.54   .151363
   1651.80   .151365
   1652.06   .151392
   1652.33   .151415
   1652.59   .151409
   1652.85   .151410
   1653.12   .151425
   1653.38   .151446
   1653.65   .151467
   1653.91   .151473
   1654.17   .151474
   1654.44   .151492
   1654.70   .151507
   1654.97   .151512
   1655.23   .151515
   1655.49   .151523
   1655.76   .151539
   1656.02   .151544
   1656.29   .151557
   1656.55   .151562
   1656.82   .151561
   1657.08   .151587
   1657.35   .151606
   1657.61   .151614
   1657.88   .151636
   1658.14   .151640
   1658.41   .151664
   1658.67   .151683
   1658.94   .151683
   1659.20   .151690
   1659.47   .151710
   1659.73   .151722
   1660.00   .151732
   1660.26   .151757
   1660.53   .151767
   1660.80   .151750
   1661.06   .151758
   1661.33   .151786
   1661.59   .151784
   1661.86   .151783
   1662.13   .151813
   1662.39   .151850
   1662.66   .151856
   1662.93   .151865
   1663.19   .151879
   1663.46   .151886
   1663.73   .151897
   1663.99   .151911
   1664.26   .151920
   1664.53   .151938
   1664.80   .151957
   1665.06   .151956
   1665.33   .151966
   1665.60   .151997
   1665.87   .152025
   1666.13   .152041
   1666.40   .152056
   1666.67   .152057
   1666.94   .152059
   1667.21   .152064
   1667.47   .152058
   1667.74   .152071
   1668.01   .152101
   1668.28   .152098
   1668.55   .152091
   1668.81   .152125
   1669.08   .152160
   1669.35   .152171
   1669.62   .152167
   1669.89   .152168
   1670.16   .152203
   1670.43   .152230
   1670.70   .152240
   1670.97   .152251
   1671.24   .152254
   1671.51   .152255
   1671.77   .152266
   1672.04   .152278
   1672.31   .152308
   1672.58   .152345
   1672.85   .152365
   1673.12   .152355
   1673.39   .152343
   1673.66   .152353
   1673.93   .152394
   1674.20   .152410
   1674.47   .152406
   1674.74   .152409
   1675.01   .152435
   1675.29   .152466
   1675.56   .152473
   1675.83   .152459
   1676.10   .152477
   1676.37   .152506
   1676.64   .152500
   1676.91   .152518
   1677.18   .152553
   1677.45   .152556
   1677.72   .152552
   1678.00   .152558
   1678.27   .152587
   1678.54   .152606
   1678.81   .152625
   1679.08   .152650
   1679.35   .152661
   1679.63   .152663
   1679.90   .152672
   1680.17   .152688
   1680.44   .152715
   1680.72   .152729
   1680.99   .152734
   1681.26   .152738
   1681.53   .152745
   1681.81   .152763
   1682.08   .152803
   1682.35   .152827
   1682.63   .152827
   1682.90   .152810
   1683.17   .152836
   1683.44   .152866
   1683.72   .152874
   1683.99   .152888
   1684.27   .152917
   1684.54   .152924
   1684.81   .152940
   1685.09   .152957
   1685.36   .152963
   1685.63   .152979
   1685.91   .153007
   1686.18   .153024
   1686.46   .153047
   1686.73   .153055
   1687.01   .153069
   1687.28   .153097
   1687.55   .153104
   1687.83   .153101
   1688.10   .153107
   1688.38   .153129
   1688.65   .153137
   1688.93   .153148
   1689.20   .153167
   1689.48   .153182
   1689.75   .153181
   1690.03   .153199
   1690.30   .153243
   1690.58   .153271
   1690.86   .153257
   1691.13   .153270
   1691.41   .153295
   1691.68   .153301
   1691.96   .153294
   1692.24   .153308
   1692.51   .153344
   1692.79   .153364
   1693.06   .153352
   1693.34   .153353
   1693.62   .153377
   1693.89   .153397
   1694.17   .153418
   1694.45   .153441
   1694.72   .153449
   1695.00   .153456
   1695.28   .153483
   1695.56   .153489
   1695.83   .153489
   1696.11   .153514
   1696.39   .153542
   1696.67   .153563
   1696.94   .153565
   1697.22   .153558
   1697.50   .153574
   1697.78   .153580
   1698.06   .153592
   1698.33   .153632
   1698.61   .153632
   1698.89   .153625
   1699.17   .153652
   1699.45   .153676
   1699.73   .153679
   1700.00   .153692
   1700.28   .153720
   1700.56   .153726
   1700.84   .153730
   1701.12   .153742
   1701.40   .153759
   1701.68   .153786
   1701.96   .153803
   1702.24   .153808
   1702.52   .153824
   1702.80   .153827
   1703.08   .153849
   1703.35   .153873
   1703.63   .153886
   1703.91   .153901
   1704.19   .153907
   1704.47   .153910
   1704.75   .153937
   1705.04   .153966
   1705.32   .153982
   1705.60   .153972
   1705.88   .153969
   1706.16   .154006
   1706.44   .154034
   1706.72   .154033
   1707.00   .154041
   1707.28   .154063
   1707.56   .154088
   1707.84   .154101
   1708.12   .154106
   1708.41   .154114
   1708.69   .154130
   1708.97   .154150
   1709.25   .154166
   1709.53   .154184
   1709.81   .154194
   1710.10   .154203
   1710.38   .154201
   1710.66   .154214
   1710.94   .154236
   1711.23   .154256
   1711.51   .154271
   1711.79   .154283
   1712.07   .154306
   1712.36   .154320
   1712.64   .154322
   1712.92   .154319
   1713.20   .154333
   1713.49   .154365
   1713.77   .154380
   1714.05   .154390
   1714.34   .154396
   1714.62   .154404
   1714.90   .154416
   1715.19   .154434
   1715.47   .154453
   1715.76   .154457
   1716.04   .154459
   1716.32   .154477
   1716.61   .154512
   1716.89   .154533
   1717.18   .154553
   1717.46   .154579
   1717.74   .154580
   1718.03   .154593
   1718.31   .154605
   1718.60   .154621
   1718.88   .154646
   1719.17   .154656
   1719.45   .154663
   1719.74   .154681
   1720.02   .154694
   1720.31   .154693
   1720.60   .154713
   1720.88   .154741
   1721.17   .154738
   1721.45   .154741
   1721.74   .154759
   1722.02   .154771
   1722.31   .154782
   1722.60   .154772
   1722.88   .154785
   1723.17   .154814
   1723.46   .154829
   1723.74   .154842
   1724.03   .154864
   1724.31   .154885
   1724.60   .154908
   1724.89   .154915
   1725.18   .154900
   1725.46   .154909
   1725.75   .154924
   1726.04   .154910
   1726.32   .154931
   1726.61   .154976
   1726.90   .154987
   1727.19   .154992
   1727.47   .155016
   1727.76   .155033
   1728.05   .155054
   1728.34   .155047
   1728.63   .155055
   1728.91   .155082
   1729.20   .155098
   1729.49   .155093
   1729.78   .155111
   1730.07   .155123
   1730.36   .155140
   1730.65   .155153
   1730.93   .155164
   1731.22   .155186
   1731.51   .155203
   1731.80   .155196
   1732.09   .155200
   1732.38   .155222
   1732.67   .155245
   1732.96   .155251
   1733.25   .155248
   1733.54   .155254
   1733.83   .155270
   1734.12   .155287
   1734.41   .155299
   1734.70   .155310
   1734.99   .155341
   1735.28   .155364
   1735.57   .155352
   1735.86   .155369
   1736.15   .155394
   1736.44   .155411
   1736.73   .155438
   1737.02   .155453
   1737.31   .155457
   1737.61   .155449
   1737.90   .155447
   1738.19   .155446
   1738.48   .155456
   1738.77   .155475
   1739.06   .155502
   1739.35   .155529
   1739.65   .155545
   1739.94   .155552
   1740.23   .155562
   1740.52   .155574
   1740.81   .155600
   1741.11   .155620
   1741.40   .155617
   1741.69   .155628
   1741.98   .155635
   1742.28   .155642
   1742.57   .155667
   1742.86   .155680
   1743.16   .155682
   1743.45   .155716
   1743.74   .155736
   1744.04   .155721
   1744.33   .155737
   1744.62   .155759
   1744.92   .155776
   1745.21   .155802
   1745.50   .155831
   1745.80   .155855
   1746.09   .155850
   1746.38   .155831
   1746.68   .155840
   1746.97   .155869
   1747.27   .155886
   1747.56   .155888
   1747.86   .155895
   1748.15   .155908
   1748.45   .155921
   1748.74   .155933
   1749.04   .155956
   1749.33   .155973
   1749.63   .155978
   1749.92   .155983
   1750.22   .156006
   1750.51   .156034
   1750.81   .156023
   1751.10   .156020
   1751.40   .156044
   1751.70   .156054
   1751.99   .156065
   1752.29   .156090
   1752.58   .156118
   1752.88   .156138
   1753.18   .156140
   1753.47   .156151
   1753.77   .156166
   1754.07   .156186
   1754.36   .156211
   1754.66   .156218
   1754.96   .156208
   1755.25   .156202
   1755.55   .156219
   1755.85   .156234
   1756.14   .156241
   1756.44   .156259
   1756.74   .156269
   1757.04   .156290
   1757.34   .156305
   1757.63   .156326
   1757.93   .156356
   1758.23   .156363
   1758.53   .156373
   1758.83   .156380
   1759.12   .156393
   1759.42   .156405
   1759.72   .156421
   1760.02   .156429
   1760.32   .156442
   1760.62   .156464
   1760.92   .156473
   1761.22   .156487
   1761.52   .156525
   1761.81   .156555
   1762.11   .156552
   1762.41   .156549
   1762.71   .156550
   1763.01   .156559
   1763.31   .156570
   1763.61   .156580
   1763.91   .156595
   1764.21   .156616
   1764.51   .156633
   1764.81   .156655
   1765.11   .156658
   1765.41   .156660
   1765.71   .156684
   1766.01   .156696
   1766.32   .156696
   1766.62   .156714
   1766.92   .156721
   1767.22   .156721
   1767.52   .156743
   1767.82   .156769
   1768.12   .156787
   1768.42   .156794
   1768.73   .156808
   1769.03   .156829
   1769.33   .156843
   1769.63   .156866
   1769.93   .156872
   1770.24   .156869
   1770.54   .156888
   1770.84   .156919
   1771.14   .156932
   1771.45   .156942
   1771.75   .156961
   1772.05   .156971
   1772.35   .156980
   1772.66   .156986
   1772.96   .157014
   1773.26   .157037
   1773.57   .157039
   1773.87   .157044
   1774.17   .157069
   1774.48   .157093
   1774.78   .157103
   1775.08   .157112
   1775.39   .157133
   1775.69   .157144
   1776.00   .157147
   1776.30   .157160
   1776.60   .157182
   1776.91   .157193
   1777.21   .157207
   1777.52   .157225
   1777.82   .157236
   1778.13   .157246
   1778.43   .157260
   1778.74   .157265
   1779.04   .157286
   1779.35   .157310
   1779.65   .157311
   1779.96   .157329
   1780.26   .157352
   1780.57   .157366
   1780.88   .157380
   1781.18   .157393
   1781.49   .157418
   1781.79   .157437
   1782.10   .157444
   1782.41   .157455
   1782.71   .157481
   1783.02   .157519
   1783.33   .157528
   1783.63   .157522
   1783.94   .157536
   1784.25   .157555
   1784.55   .157584
   1784.86   .157601
   1785.17   .157583
   1785.48   .157590
   1785.78   .157624
   1786.09   .157651
   1786.40   .157666
   1786.71   .157661
   1787.01   .157664
   1787.32   .157679
   1787.63   .157693
   1787.94   .157716
   1788.25   .157750
   1788.56   .157780
   1788.86   .157787
   1789.17   .157781
   1789.48   .157771
   1789.79   .157790
   1790.10   .157818
   1790.41   .157827
   1790.72   .157839
   1791.03   .157857
   1791.34   .157856
   1791.65   .157874
   1791.96   .157905
   1792.26   .157932
   1792.57   .157944
   1792.88   .157949
   1793.19   .157961
   1793.50   .157975
   1793.82   .157998
   1794.13   .158020
   1794.44   .158028
   1794.75   .158022
   1795.06   .158023
   1795.37   .158043
   1795.68   .158063
   1795.99   .158095
   1796.30   .158131
   1796.61   .158148
   1796.92   .158149
   1797.23   .158160
   1797.55   .158179
   1797.86   .158196
   1798.17   .158211
   1798.48   .158228
   1798.79   .158233
   1799.11   .158239
   1799.42   .158251
   1799.73   .158273
   1800.04   .158284
   1800.36   .158290
   1800.67   .158295
   1800.98   .158330
   1801.29   .158358
   1801.61   .158372
   1801.92   .158385
   1802.23   .158404
   1802.55   .158426
   1802.86   .158429
   1803.17   .158444
   1803.49   .158472
   1803.80   .158496
   1804.11   .158506
   1804.43   .158505
   1804.74   .158511
   1805.06   .158521
   1805.37   .158536
   1805.68   .158568
   1806.00   .158594
   1806.31   .158604
   1806.63   .158604
   1806.94   .158609
   1807.26   .158632
   1807.57   .158663
   1807.89   .158671
   1808.20   .158662
   1808.52   .158703
   1808.83   .158728
   1809.15   .158746
   1809.47   .158773
   1809.78   .158792
   1810.10   .158792
   1810.41   .158799
   1810.73   .158822
   1811.05   .158830
   1811.36   .158828
   1811.68   .158826
   1812.00   .158841
   1812.31   .158845
   1812.63   .158876
   1812.95   .158901
   1813.26   .158912
   1813.58   .158940
   1813.90   .158959
   1814.21   .158963
   1814.53   .158974
   1814.85   .158985
   1815.17   .159008
   1815.48   .159028
   1815.80   .159052
   1816.12   .159074
   1816.44   .159079
   1816.76   .159077
   1817.08   .159081
   1817.39   .159097
   1817.71   .159107
   1818.03   .159114
   1818.35   .159138
   1818.67   .159171
   1818.99   .159201
   1819.31   .159208
   1819.63   .159217
   1819.95   .159225
   1820.27   .159233
   1820.58   .159245
   1820.90   .159279
   1821.22   .159291
   1821.54   .159296
   1821.86   .159324
   1822.18   .159336
   1822.50   .159347
   1822.83   .159362
   1823.15   .159379
   1823.47   .159409
   1823.79   .159420
   1824.11   .159442
   1824.43   .159455
   1824.75   .159466
   1825.07   .159485
   1825.39   .159506
   1825.71   .159540
   1826.04   .159548
   1826.36   .159540
   1826.68   .159559
   1827.00   .159586
   1827.32   .159597
   1827.64   .159628
   1827.97   .159641
   1828.29   .159654
   1828.61   .159661
   1828.93   .159656
   1829.26   .159674
   1829.58   .159708
   1829.90   .159724
   1830.22   .159735
   1830.55   .159746
   1830.87   .159751
   1831.19   .159771
   1831.52   .159800
   1831.84   .159808
   1832.17   .159805
   1832.49   .159819
   1832.81   .159850
   1833.14   .159866
   1833.46   .159875
   1833.79   .159894
   1834.11   .159905
   1834.43   .159928
   1834.76   .159937
   1835.08   .159938
   1835.41   .159954
   1835.73   .159984
   1836.06   .160015
   1836.38   .160025
   1836.71   .160023
   1837.03   .160039
   1837.36   .160041
   1837.68   .160055
   1838.01   .160065
   1838.34   .160079
   1838.66   .160120
   1838.99   .160130
   1839.31   .160136
   1839.64   .160155
   1839.97   .160154
   1840.29   .160173
   1840.62   .160207
   1840.95   .160242
   1841.27   .160237
   1841.60   .160226
   1841.93   .160231
   1842.26   .160233
   1842.58   .160257
   1842.91   .160291
   1843.24   .160309
   1843.57   .160328
   1843.89   .160348
   1844.22   .160366
   1844.55   .160362
   1844.88   .160367
   1845.21   .160377
   1845.53   .160379
   1845.86   .160390
   1846.19   .160410
   1846.52   .160417
   1846.85   .160409
   1847.18   .160425
   1847.51   .160449
   1847.84   .160453
   1848.17   .160475
   1848.50   .160494
   1848.82   .160524
   1849.15   .160533
   1849.48   .160535
   1849.81   .160553
   1850.14   .160576
   1850.47   .160609
   1850.80   .160632
   1851.14   .160635
   1851.47   .160658
   1851.80   .160689
   1852.13   .160704
   1852.46   .160713
   1852.79   .160720
   1853.12   .160730
   1853.45   .160735
   1853.78   .160745
   1854.11   .160748
   1854.45   .160755
   1854.78   .160765
   1855.11   .160778
   1855.44   .160814
   1855.77   .160835
   1856.11   .160851
   1856.44   .160872
   1856.77   .160874
   1857.10   .160879
   1857.43   .160907
   1857.77   .160923
   1858.10   .160940
   1858.43   .160955
   1858.77   .160971
   1859.10   .160988
   1859.43   .160990
   1859.77   .161001
   1860.10   .161032
   1860.43   .161047
   1860.77   .161053
   1861.10   .161072
   1861.44   .161081
   1861.77   .161092
   1862.10   .161112
   1862.44   .161139
   1862.77   .161154
   1863.11   .161169
   1863.44   .161186
   1863.78   .161208
   1864.11   .161223
   1864.45   .161216
   1864.78   .161226
   1865.12   .161257
   1865.45   .161275
   1865.79   .161279
   1866.13   .161297
   1866.46   .161307
   1866.80   .161322
   1867.13   .161333
   1867.47   .161329
   1867.81   .161322
   1868.14   .161351
   1868.48   .161380
   1868.82   .161377
   1869.15   .161376
   1869.49   .161384
   1869.83   .161399
   1870.16   .161433
   1870.50   .161448
   1870.84   .161431
   1871.18   .161443
   1871.51   .161487
   1871.85   .161513
   1872.19   .161518
   1872.53   .161525
   1872.87   .161523
   1873.21   .161539
   1873.54   .161563
   1873.88   .161581
   1874.22   .161595
   1874.56   .161617
   1874.90   .161616
   1875.24   .161616
   1875.58   .161640
   1875.92   .161661
   1876.26   .161669
   1876.60   .161687
   1876.94   .161683
   1877.27   .161681
   1877.61   .161709
   1877.95   .161729
   1878.29   .161738
   1878.64   .161744
   1878.98   .161760
   1879.32   .161776
   1879.66   .161786
   1880.00   .161790
   1880.34   .161807
   1880.68   .161835
   1881.02   .161851
   1881.36   .161851
   1881.70   .161875
   1882.04   .161894
   1882.39   .161895
   1882.73   .161903
   1883.07   .161926
   1883.41   .161948
   1883.75   .161944
   1884.10   .161940
   1884.44   .161964
   1884.78   .161994
   1885.12   .162000
   1885.47   .162001
   1885.81   .162028
   1886.15   .162039
   1886.50   .162029
   1886.84   .162041
   1887.18   .162067
   1887.53   .162091
   1887.87   .162101
   1888.21   .162102
   1888.56   .162107
   1888.90   .162113
   1889.25   .162130
   1889.59   .162148
   1889.93   .162141
   1890.28   .162150
   1890.62   .162166
   1890.97   .162184
   1891.31   .162201
   1891.66   .162199
   1892.00   .162208
   1892.35   .162216
   1892.69   .162220
   1893.04   .162219
   1893.39   .162233
   1893.73   .162250
   1894.08   .162258
   1894.42   .162259
   1894.77   .162261
   1895.11   .162266
   1895.46   .162276
   1895.81   .162293
   1896.15   .162291
   1896.50   .162302
   1896.85   .162322
   1897.20   .162336
   1897.54   .162333
   1897.89   .162341
   1898.24   .162357
   1898.58   .162358
   1898.93   .162360
   1899.28   .162355
   1899.63   .162342
   1899.98   .162360
   1900.32   .162382
   1900.67   .162375
   1901.02   .162379
   1901.37   .162403
   1901.72   .162415
   1902.07   .162423
   1902.42   .162428
   1902.77   .162425
   1903.11   .162422
   1903.46   .162439
   1903.81   .162448
   1904.16   .162459
   1904.51   .162469
   1904.86   .162468
   1905.21   .162456
   1905.56   .162463
   1905.91   .162473
   1906.26   .162480
   1906.61   .162477
   1906.96   .162480
   1907.32   .162498
   1907.67   .162510
   1908.02   .162516
   1908.37   .162518
   1908.72   .162532
   1909.07   .162537
   1909.42   .162549
   1909.77   .162561
   1910.13   .162559
   1910.48   .162561
   1910.83   .162580
   1911.18   .162586
   1911.53   .162581
   1911.89   .162597
   1912.24   .162619
   1912.59   .162616
   1912.94   .162616
   1913.30   .162604
   1913.65   .162598
   1914.00   .162631
   1914.36   .162666
   1914.71   .162670
   1915.06   .162681
   1915.42   .162699
   1915.77   .162708
   1916.13   .162710
   1916.48   .162714
   1916.83   .162720
   1917.19   .162726
   1917.54   .162720
   1917.90   .162734
   1918.25   .162751
   1918.61   .162748
   1918.96   .162750
   1919.32   .162758
   1919.67   .162768
   1920.03   .162781
   1920.38   .162800
   1920.74   .162806
   1921.10   .162816
   1921.45   .162835
   1921.81   .162860
   1922.16   .162867
   1922.52   .162872
   1922.88   .162885
   1923.23   .162879
   1923.59   .162891
   1923.95   .162899
   1924.30   .162901
   1924.66   .162916
   1925.02   .162934
   1925.38   .162952
   1925.73   .162971
   1926.09   .162971
   1926.45   .162976
   1926.81   .162991
   1927.17   .162996
   1927.52   .163001
   1927.88   .163020
   1928.24   .163030
   1928.60   .163038
   1928.96   .163039
   1929.32   .163058
   1929.68   .163070
   1930.03   .163056
   1930.39   .163062
   1930.75   .163073
   1931.11   .163073
   1931.47   .163091
   1931.83   .163121
   1932.19   .163133
   1932.55   .163149
   1932.91   .163157
   1933.27   .163153
   1933.63   .163166
   1933.99   .163170
   1934.36   .163180
   1934.72   .163200
   1935.08   .163213
   1935.44   .163225
   1935.80   .163241
   1936.16   .163242
   1936.52   .163252
   1936.88   .163284
   1937.25   .163302
   1937.61   .163305
   1937.97   .163311
   1938.33   .163317
   1938.69   .163328
   1939.06   .163354
   1939.42   .163369
   1939.78   .163381
   1940.15   .163412
   1940.51   .163435
   1940.87   .163450
   1941.24   .163458
   1941.60   .163455
   1941.96   .163472
   1942.33   .163509
   1942.69   .163518
   1943.05   .163528
   1943.42   .163551
   1943.78   .163564
   1944.15   .163554
   1944.51   .163554
   1944.88   .163572
   1945.24   .163598
   1945.61   .163621
   1945.97   .163624
   1946.34   .163624
   1946.70   .163634
   1947.07   .163647
   1947.43   .163673
   1947.80   .163691
   1948.16   .163712
   1948.53   .163727
   1948.90   .163736
   1949.26   .163754
   1949.63   .163774
   1950.00   .163788
   1950.36   .163810
   1950.73   .163836
   1951.10   .163854
   1951.46   .163866
   1951.83   .163881
   1952.20   .163898
   1952.57   .163923
   1952.93   .163941
   1953.30   .163960
   1953.67   .163989
   1954.04   .164011
   1954.41   .164031
   1954.78   .164040
   1955.14   .164054
   1955.51   .164084
   1955.88   .164107
   1956.25   .164111
   1956.62   .164115
   1956.99   .164128
   1957.36   .164146
   1957.73   .164173
   1958.10   .164192
   1958.47   .164212
   1958.84   .164231
   1959.21   .164239
   1959.58   .164262
   1959.95   .164285
   1960.32   .164307
   1960.69   .164327
   1961.06   .164335
   1961.43   .164356
   1961.80   .164364
   1962.17   .164376
   1962.54   .164413
   1962.92   .164453
   1963.29   .164462
   1963.66   .164471
   1964.03   .164492
   1964.40   .164507
   1964.78   .164502
   1965.15   .164524
   1965.52   .164558
   1965.89   .164573
   1966.27   .164586
   1966.64   .164597
   1967.01   .164606
   1967.39   .164620
   1967.76   .164645
   1968.13   .164661
   1968.51   .164698
   1968.88   .164723
   1969.25   .164712
   1969.63   .164715
   1970.00   .164738
   1970.38   .164759
   1970.75   .164790
   1971.12   .164811
   1971.50   .164811
   1971.87   .164818
   1972.25   .164847
   1972.62   .164869
   1973.00   .164868
   1973.38   .164885
   1973.75   .164915
   1974.13   .164933
   1974.50   .164927
   1974.88   .164933
   1975.26   .164939
   1975.63   .164941
   1976.01   .164952
   1976.38   .164968
   1976.76   .164981
   1977.14   .165008
   1977.52   .165021
   1977.89   .165024
   1978.27   .165034
   1978.65   .165058
   1979.02   .165086
   1979.40   .165102
   1979.78   .165121
   1980.16   .165154
   1980.54   .165182
   1980.91   .165186
   1981.29   .165170
   1981.67   .165183
   1982.05   .165209
   1982.43   .165235
   1982.81   .165265
   1983.19   .165282
   1983.57   .165293
   1983.95   .165317
   1984.33   .165342
   1984.71   .165344
   1985.09   .165346
   1985.47   .165362
   1985.85   .165405
   1986.23   .165426
   1986.61   .165436
   1986.99   .165438
   1987.37   .165448
   1987.75   .165473
   1988.13   .165492
   1988.51   .165510
   1988.89   .165538
   1989.28   .165550
   1989.66   .165551
   1990.04   .165592
   1990.42   .165633
   1990.80   .165645
   1991.19   .165636
   1991.57   .165643
   1991.95   .165667
   1992.33   .165701
   1992.72   .165714
   1993.10   .165717
   1993.48   .165733
   1993.87   .165764
   1994.25   .165789
   1994.63   .165798
   1995.02   .165812
   1995.40   .165846
   1995.78   .165887
   1996.17   .165908
   1996.55   .165931
   1996.94   .165942
   1997.32   .165947
   1997.71   .165969
   1998.09   .165992
   1998.48   .166008
   1998.86   .166018
   1999.25   .166055
   1999.63   .166087
   2000.02   .166106
   2000.40   .166121
   2000.79   .166144
   2001.18   .166165
   2001.56   .166176
   2001.95   .166204
   2002.34   .166234
   2002.72   .166250
   2003.11   .166271
   2003.50   .166287
   2003.88   .166301
   2004.27   .166320
   2004.66   .166347
   2005.05   .166377
   2005.43   .166399
   2005.82   .166400
   2006.21   .166427
   2006.60   .166471
   2006.99   .166492
   2007.37   .166501
   2007.76   .166510
   2008.15   .166534
   2008.54   .166576
   2008.93   .166601
   2009.32   .166603
   2009.71   .166613
   2010.10   .166644
   2010.49   .166666
   2010.88   .166697
   2011.27   .166722
   2011.66   .166729
   2012.05   .166736
   2012.44   .166757
   2012.83   .166785
   2013.22   .166817
   2013.61   .166839
   2014.00   .166868
   2014.39   .166890
   2014.78   .166895
   2015.18   .166916
   2015.57   .166946
   2015.96   .166979
   2016.35   .167004
   2016.74   .167016
   2017.14   .167035
   2017.53   .167053
   2017.92   .167081
   2018.31   .167088
   2018.71   .167103
   2019.10   .167125
   2019.49   .167148
   2019.89   .167166
   2020.28   .167176
   2020.67   .167202
   2021.07   .167238
   2021.46   .167254
   2021.86   .167285
   2022.25   .167321
   2022.64   .167354
   2023.04   .167374
   2023.43   .167384
   2023.83   .167402
   2024.22   .167410
   2024.62   .167431
   2025.01   .167465
   2025.41   .167494
   2025.81   .167519
   2026.20   .167547
   2026.60   .167560
   2026.99   .167586
   2027.39   .167630
   2027.79   .167641
   2028.18   .167645
   2028.58   .167680
   2028.98   .167703
   2029.37   .167722
   2029.77   .167755
   2030.17   .167785
   2030.57   .167804
   2030.96   .167824
   2031.36   .167841
   2031.76   .167876
   2032.16   .167912
   2032.56   .167935
   2032.95   .167950
   2033.35   .167973
   2033.75   .167995
   2034.15   .168022
   2034.55   .168036
   2034.95   .168048
   2035.35   .168061
   2035.75   .168074
   2036.15   .168101
   2036.55   .168120
   2036.95   .168134
   2037.35   .168153
   2037.75   .168165
   2038.15   .168181
   2038.55   .168201
   2038.95   .168225
   2039.35   .168239
   2039.75   .168258
   2040.15   .168295
   2040.56   .168314
   2040.96   .168337
   2041.36   .168349
   2041.76   .168360
   2042.16   .168394
   2042.57   .168413
   2042.97   .168434
   2043.37   .168465
   2043.77   .168497
   2044.18   .168506
   2044.58   .168531
   2044.98   .168554
   2045.39   .168559
   2045.79   .168580
   2046.19   .168604
   2046.60   .168629
   2047.00   .168649
   2047.40   .168670
   2047.81   .168701
   2048.21   .168730
   2048.62   .168755
   2049.02   .168762
   2049.43   .168776
   2049.83   .168801
   2050.24   .168828
   2050.64   .168846
   2051.05   .168858
   2051.46   .168901
   2051.86   .168948
   2052.27   .168945
   2052.67   .168951
   2053.08   .168978
   2053.49   .168983
   2053.89   .169004
   2054.30   .169043
   2054.71   .169073
   2055.11   .169089
   2055.52   .169107
   2055.93   .169133
   2056.34   .169159
   2056.74   .169179
   2057.15   .169192
   2057.56   .169200
   2057.97   .169210
   2058.38   .169241
   2058.79   .169267
   2059.20   .169270
   2059.60   .169283
   2060.01   .169309
   2060.42   .169323
   2060.83   .169339
   2061.24   .169365
   2061.65   .169366
   2062.06   .169385
   2062.47   .169423
   2062.88   .169427
   2063.29   .169430
   2063.70   .169458
   2064.11   .169497
   2064.53   .169515
   2064.94   .169528
   2065.35   .169545
   2065.76   .169556
   2066.17   .169570
   2066.58   .169597
   2066.99   .169630
   2067.41   .169642
   2067.82   .169647
   2068.23   .169661
   2068.64   .169672
   2069.06   .169698
   2069.47   .169722
   2069.88   .169748
   2070.30   .169769
   2070.71   .169763
   2071.12   .169767
   2071.54   .169787
   2071.95   .169799
   2072.36   .169817
   2072.78   .169842
   2073.19   .169849
   2073.61   .169873
   2074.02   .169914
   2074.44   .169918
   2074.85   .169930
   2075.27   .169967
   2075.68   .169983
   2076.10   .169985
   2076.51   .169999
   2076.93   .170005
   2077.35   .170016
   2077.76   .170045
   2078.18   .170077
   2078.60   .170105
   2079.01   .170116
   2079.43   .170123
   2079.85   .170146
   2080.26   .170179
   2080.68   .170180
   2081.10   .170191
   2081.52   .170221
   2081.93   .170248
   2082.35   .170263
   2082.77   .170279
   2083.19   .170294
   2083.61   .170305
   2084.03   .170333
   2084.45   .170366
   2084.86   .170384
   2085.28   .170394
   2085.70   .170409
   2086.12   .170418
   2086.54   .170440
   2086.96   .170457
   2087.38   .170472
   2087.80   .170487
   2088.22   .170499
   2088.64   .170514
   2089.06   .170545
   2089.49   .170560
   2089.91   .170576
   2090.33   .170594
   2090.75   .170605
   2091.17   .170615
   2091.59   .170642
   2092.01   .170675
   2092.44   .170698
   2092.86   .170702
   2093.28   .170712
   2093.70   .170736
   2094.13   .170760
   2094.55   .170773
   2094.97   .170788
   2095.40   .170807
   2095.82   .170826
   2096.24   .170829
   2096.67   .170827
   2097.09   .170829
   2097.52   .170841
   2097.94   .170864
   2098.36   .170886
   2098.79   .170909
   2099.21   .170932
   2099.64   .170947
   2100.06   .170960
   2100.49   .170984
   2100.92   .170994
   2101.34   .171002
   2101.77   .171024
   2102.19   .171039
   2102.62   .171060
   2103.05   .171083
   2103.47   .171109
   2103.90   .171116
   2104.33   .171117
   2104.75   .171145
   2105.18   .171176
   2105.61   .171192
   2106.04   .171201
   2106.46   .171212
   2106.89   .171223
   2107.32   .171245
   2107.75   .171260
   2108.18   .171260
   2108.61   .171270
   2109.03   .171282
   2109.46   .171295
   2109.89   .171313
   2110.32   .171334
   2110.75   .171350
   2111.18   .171358
   2111.61   .171370
   2112.04   .171390
   2112.47   .171412
   2112.90   .171438
   2113.33   .171467
   2113.76   .171483
   2114.19   .171501
   2114.62   .171519
   2115.06   .171534
   2115.49   .171541
   2115.92   .171547
   2116.35   .171555
   2116.78   .171554
   2117.22   .171562
   2117.65   .171591
   2118.08   .171614
   2118.51   .171637
   2118.95   .171643
   2119.38   .171641
   2119.81   .171665
   2120.25   .171686
   2120.68   .171683
   2121.11   .171705
   2121.55   .171736
   2121.98   .171759
   2122.42   .171762
   2122.85   .171762
   2123.28   .171785
   2123.72   .171816
   2124.15   .171846
   2124.59   .171856
   2125.03   .171856
   2125.46   .171869
   2125.90   .171877
   2126.33   .171878
   2126.77   .171890
   2127.21   .171907
   2127.64   .171926
   2128.08   .171941
   2128.51   .171960
   2128.95   .171981
   2129.39   .171992
   2129.83   .172006
   2130.26   .172018
   2130.70   .172037
   2131.14   .172046
   2131.58   .172058
   2132.02   .172071
   2132.45   .172091
   2132.89   .172120
   2133.33   .172123
   2133.77   .172139
   2134.21   .172165
   2134.65   .172177
   2135.09   .172198
   2135.53   .172206
   2135.97   .172208
   2136.41   .172221
   2136.85   .172235
   2137.29   .172238
   2137.73   .172242
   2138.17   .172259
   2138.61   .172284
   2139.05   .172293
   2139.49   .172292
   2139.94   .172303
   2140.38   .172330
   2140.82   .172345
   2141.26   .172354
   2141.70   .172369
   2142.15   .172385
   2142.59   .172396
   2143.03   .172412
   2143.47   .172436
   2143.92   .172455
   2144.36   .172465
   2144.80   .172496
   2145.25   .172527
   2145.69   .172530
   2146.14   .172529
   2146.58   .172546
   2147.02   .172572
   2147.47   .172587
   2147.91   .172590
   2148.36   .172598
   2148.80   .172626
   2149.25   .172639
   2149.70   .172643
   2150.14   .172670
   2150.59   .172707
   2151.03   .172718
   2151.48   .172714
   2151.93   .172727
   2152.37   .172729
   2152.82   .172733
   2153.27   .172762
   2153.71   .172794
   2154.16   .172794
   2154.61   .172797
   2155.06   .172821
   2155.50   .172840
   2155.95   .172848
   2156.40   .172853
   2156.85   .172871
   2157.30   .172886
   2157.75   .172887
   2158.20   .172902
   2158.65   .172919
   2159.09   .172945
   2159.54   .172952
   2159.99   .172959
   2160.44   .172976
   2160.89   .172984
   2161.34   .172996
   2161.80   .173006
   2162.25   .173021
   2162.70   .173046
   2163.15   .173068
   2163.60   .173074
   2164.05   .173087
   2164.50   .173101
   2164.95   .173112
   2165.41   .173108
   2165.86   .173109
   2166.31   .173120
   2166.76   .173130
   2167.22   .173136
   2167.67   .173157
   2168.12   .173180
   2168.58   .173194
   2169.03   .173212
   2169.48   .173224
   2169.94   .173224
   2170.39   .173244
   2170.85   .173269
   2171.30   .173280
   2171.76   .173290
   2172.21   .173293
   2172.67   .173304
   2173.12   .173317
   2173.58   .173331
   2174.03   .173341
   2174.49   .173343
   2174.94   .173360
   2175.40   .173375
   2175.86   .173392
   2176.31   .173418
   2176.77   .173429
   2177.23   .173433
   2177.68   .173428
   2178.14   .173431
   2178.60   .173458
   2179.06   .173484
   2179.52   .173487
   2179.97   .173488
   2180.43   .173509
   2180.89   .173533
   2181.35   .173547
   2181.81   .173558
   2182.27   .173566
   2182.73   .173582
   2183.19   .173589
   2183.65   .173590
   2184.11   .173593
   2184.57   .173604
   2185.03   .173609
   2185.49   .173600
   2185.95   .173612
   2186.41   .173636
   2186.87   .173644
   2187.33   .173649
   2187.79   .173663
   2188.25   .173675
   2188.72   .173698
   2189.18   .173708
   2189.64   .173710
   2190.10   .173718
   2190.57   .173737
   2191.03   .173744
   2191.49   .173729
   2191.96   .173735
   2192.42   .173754
   2192.88   .173774
   2193.35   .173787
   2193.81   .173799
   2194.27   .173820
   2194.74   .173833
   2195.20   .173841
   2195.67   .173860
   2196.13   .173896
   2196.60   .173917
   2197.06   .173914
   2197.53   .173911
   2197.99   .173916
   2198.46   .173924
   2198.93   .173925
   2199.39   .173940
   2199.86   .173951
   2200.33   .173957
   2200.79   .173962
   2201.26   .173972
   2201.73   .173988
   2202.20   .173996
   2202.66   .174011
   2203.13   .174017
   2203.60   .174018
   2204.07   .174043
   2204.54   .174053
   2205.01   .174048
   2205.47   .174062
   2205.94   .174084
   2206.41   .174088
   2206.88   .174080
   2207.35   .174076
   2207.82   .174089
   2208.29   .174108
   2208.76   .174116
   2209.23   .174124
   2209.70   .174138
   2210.18   .174142
   2210.65   .174143
   2211.12   .174134
   2211.59   .174144
   2212.06   .174159
   2212.53   .174175
   2213.01   .174187
   2213.48   .174186
   2213.95   .174185
   2214.42   .174195
   2214.90   .174203
   2215.37   .174211
   2215.84   .174222
   2216.32   .174215
   2216.79   .174207
   2217.26   .174222
   2217.74   .174232
   2218.21   .174242
   2218.69   .174242
   2219.16   .174219
   2219.64   .174221
   2220.11   .174247
   2220.59   .174258
   2221.06   .174268
   2221.54   .174284
   2222.02   .174270
   2222.49   .174253
   2222.97   .174274
   2223.45   .174287
   2223.92   .174292
   2224.40   .174296
   2224.88   .174303
   2225.35   .174310
   2225.83   .174319
   2226.31   .174314
   2226.79   .174309
   2227.27   .174323
   2227.74   .174331
   2228.22   .174325
   2228.70   .174327
   2229.18   .174325
   2229.66   .174311
   2230.14   .174314
   2230.62   .174324
   2231.10   .174325
   2231.58   .174333
   2232.06   .174342
   2232.54   .174327
   2233.02   .174317
   2233.50   .174321
   2233.98   .174315
   2234.46   .174316
   2234.95   .174323
   2235.43   .174325
   2235.91   .174307
   2236.39   .174294
   2236.87   .174296
   2237.36   .174296
   2237.84   .174292
   2238.32   .174283
   2238.81   .174281
   2239.29   .174279
   2239.77   .174281
   2240.26   .174299
   2240.74   .174302
   2241.23   .174284
   2241.71   .174264
   2242.20   .174272
   2242.68   .174279
   2243.17   .174272
   2243.65   .174261
   2244.14   .174255
   2244.62   .174248
   2245.11   .174241
   2245.59   .174231
   2246.08   .174226
   2246.57   .174228
   2247.05   .174225
   2247.54   .174218
   2248.03   .174220
   2248.52   .174218
   2249.00   .174223
   2249.49   .174221
   2249.98   .174215
   2250.47   .174224
   2250.96   .174228
   2251.44   .174224
   2251.93   .174207
   2252.42   .174187
   2252.91   .174173
   2253.40   .174159
   2253.89   .174145
   2254.38   .174126
   2254.87   .174120
   2255.36   .174118
   2255.85   .174108
   2256.34   .174107
   2256.83   .174088
   2257.33   .174077
   2257.82   .174082
   2258.31   .174084
   2258.80   .174093
   2259.29   .174101
   2259.79   .174094
   2260.28   .174072
   2260.77   .174041
   2261.26   .174044
   2261.76   .174061
   2262.25   .174039
   2262.74   .174020
   2263.24   .174000
   2263.73   .173996
   2264.23   .174009
   2264.72   .174008
   2265.22   .173987
   2265.71   .173997
   2266.21   .174012
   2266.70   .174007
   2267.20   .174010
   2267.69   .174026
   2268.19   .174021
   2268.69   .174011
   2269.18   .174007
   2269.68   .173993
   2270.18   .173980
   2270.67   .173980
   2271.17   .173972
   2271.67   .173951
   2272.16   .173958
   2272.66   .173987
   2273.16   .173985
   2273.66   .173973
   2274.16   .173968
   2274.66   .173960
   2275.16   .173958
   2275.66   .173944
   2276.15   .173928
   2276.65   .173941
   2277.15   .173963
   2277.65   .173955
   2278.15   .173946
   2278.66   .173941
   2279.16   .173942
   2279.66   .173942
   2280.16   .173941
   2280.66   .173932
   2281.16   .173912
   2281.66   .173894
   2282.17   .173902
   2282.67   .173903
   2283.17   .173895
   2283.67   .173904
   2284.18   .173905
   2284.68   .173909
   2285.18   .173913
   2285.69   .173904
   2286.19   .173895
   2286.70   .173879
   2287.20   .173878
   2287.70   .173890
   2288.21   .173878
   2288.71   .173868
   2289.22   .173871
   2289.72   .173867
   2290.23   .173851
   2290.74   .173836
   2291.24   .173838
   2291.75   .173836
   2292.26   .173828
   2292.76   .173823
   2293.27   .173815
   2293.78   .173805
   2294.28   .173789
   2294.79   .173775
   2295.30   .173776
   2295.81   .173777
   2296.32   .173764
   2296.82   .173745
   2297.33   .173725
   2297.84   .173704
   2298.35   .173696
   2298.86   .173702
   2299.37   .173702
   2299.88   .173682
   2300.39   .173670
   2300.90   .173676
   2301.41   .173670
   2301.92   .173665
   2302.43   .173654
   2302.95   .173649
   2303.46   .173644
   2303.97   .173621
   2304.48   .173608
   2304.99   .173613
   2305.51   .173615
   2306.02   .173610
   2306.53   .173592
   2307.04   .173589
   2307.56   .173600
   2308.07   .173585
   2308.59   .173567
   2309.10   .173552
   2309.61   .173543
   2310.13   .173537
   2310.64   .173538
   2311.16   .173542
   2311.67   .173514
   2312.19   .173506
   2312.71   .173513
   2313.22   .173506
   2313.74   .173478
   2314.25   .173463
   2314.77   .173448
   2315.29   .173432
   2315.80   .173432
   2316.32   .173441
   2316.84   .173438
   2317.36   .173422
   2317.87   .173409
   2318.39   .173402
   2318.91   .173393
   2319.43   .173382
   2319.95   .173363
   2320.47   .173351
   2320.99   .173339
   2321.51   .173333
   2322.03   .173336
   2322.55   .173337
   2323.07   .173330
   2323.59   .173313
   2324.11   .173305
   2324.63   .173308
   2325.15   .173290
   2325.67   .173283
   2326.19   .173280
   2326.72   .173266
   2327.24   .173261
   2327.76   .173247
   2328.28   .173241
   2328.81   .173226
   2329.33   .173199
   2329.85   .173193
   2330.38   .173197
   2330.90   .173204
   2331.42   .173196
   2331.95   .173191
   2332.47   .173194
   2333.00   .173205
   2333.52   .173212
   2334.05   .173217
   2334.57   .173223
   2335.10   .173221
   2335.63   .173235
   2336.15   .173254
   2336.68   .173257
   2337.20   .173280
   2337.73   .173320
   2338.26   .173345
   2338.79   .173351
   2339.31   .173369
   2339.84   .173398
   2340.37   .173422
   2340.90   .173435
   2341.43   .173448
   2341.95   .173464
   2342.48   .173508
   2343.01   .173552
   2343.54   .173566
   2344.07   .173577
   2344.60   .173605
   2345.13   .173631
   2345.66   .173651
   2346.19   .173688
   2346.72   .173721
   2347.26   .173755
   2347.79   .173789
   2348.32   .173809
   2348.85   .173847
   2349.38   .173897
   2349.92   .173945
   2350.45   .173984
   2350.98   .174024
   2351.51   .174074
   2352.05   .174121
   2352.58   .174168
   2353.11   .174217
   2353.65   .174252
   2354.18   .174294
   2354.72   .174349
   2355.25   .174396
   2355.79   .174429
   2356.32   .174467
   2356.86   .174509
   2357.39   .174563
   2357.93   .174620
   2358.47   .174663
   2359.00   .174707
   2359.54   .174745
   2360.08   .174788
   2360.61   .174846
   2361.15   .174894
   2361.69   .174939
   2362.23   .174970
   2362.77   .174989
   2363.30   .175034
   2363.84   .175089
   2364.38   .175122
   2364.92   .175146
   2365.46   .175165
   2366.00   .175179
   2366.54   .175202
   2367.08   .175242
   2367.62   .175265
   2368.16   .175293
   2368.70   .175314
   2369.24   .175330
   2369.79   .175353
   2370.33   .175363
   2370.87   .175370
   2371.41   .175391
   2371.95   .175414
   2372.50   .175408
   2373.04   .175405
   2373.58   .175419
   2374.13   .175416
   2374.67   .175405
   2375.21   .175411
   2375.76   .175401
   2376.30   .175404
   2376.85   .175399
   2377.39   .175363
   2377.94   .175366
   2378.48   .175370
   2379.03   .175360
   2379.57   .175353
   2380.12   .175354
   2380.67   .175332
   2381.21   .175305
   2381.76   .175297
   2382.31   .175276
   2382.86   .175246
   2383.40   .175236
   2383.95   .175211
   2384.50   .175183
   2385.05   .175160
   2385.60   .175127
   2386.15   .175088
   2386.69   .175050
   2387.24   .175015
   2387.79   .174970
   2388.34   .174942
   2388.89   .174930
   2389.44   .174906
   2389.99   .174868
   2390.55   .174824
   2391.10   .174785
   2391.65   .174747
   2392.20   .174707
   2392.75   .174669
   2393.30   .174637
   2393.86   .174596
   2394.41   .174569
   2394.96   .174521
   2395.52   .174448
   2396.07   .174388
   2396.62   .174366
   2397.18   .174337
   2397.73   .174296
   2398.29   .174243
   2398.84   .174198
   2399.40   .174165
   2399.95   .174135
   2400.51   .174099
   2401.06   .174049
   2401.62   .174012
   2402.17   .173981
   2402.73   .173929
   2403.29   .173879
   2403.85   .173842
   2404.40   .173807
   2404.96   .173764
   2405.52   .173731
   2406.08   .173700
   2406.64   .173670
   2407.19   .173635
   2407.75   .173599
   2408.31   .173580
   2408.87   .173556
   2409.43   .173527
   2409.99   .173518
   2410.55   .173501
   2411.11   .173484
   2411.67   .173472
   2412.23   .173459
   2412.80   .173456
   2413.36   .173456
   2413.92   .173456
   2414.48   .173439
   2415.04   .173430
   2415.60   .173435
   2416.17   .173441
   2416.73   .173461
   2417.29   .173471
   2417.86   .173475
   2418.42   .173480
   2418.99   .173487
   2419.55   .173487
   2420.12   .173496
   2420.68   .173511
   2421.25   .173508
   2421.81   .173517
   2422.38   .173525
   2422.94   .173524
   2423.51   .173534
   2424.08   .173540
   2424.64   .173551
   2425.21   .173567
   2425.78   .173570
   2426.34   .173584
   2426.91   .173587
   2427.48   .173587
   2428.05   .173602
   2428.62   .173619
   2429.19   .173625
   2429.76   .173619
   2430.33   .173629
   2430.89   .173641
   2431.46   .173654
   2432.04   .173663
   2432.61   .173669
   2433.18   .173685
   2433.75   .173704
   2434.32   .173702
   2434.89   .173695
   2435.46   .173699
   2436.03   .173715
   2436.61   .173713
   2437.18   .173714
   2437.75   .173730
   2438.33   .173731
   2438.90   .173713
   2439.47   .173711
   2440.05   .173718
   2440.62   .173713
   2441.20   .173703
   2441.77   .173694
   2442.35   .173682
   2442.92   .173678
   2443.50   .173675
   2444.07   .173661
   2444.65   .173655
   2445.23   .173658
   2445.80   .173651
   2446.38   .173634
   2446.96   .173623
   2447.53   .173622
   2448.11   .173608
   2448.69   .173580
   2449.27   .173571
   2449.85   .173564
   2450.43   .173546
   2451.00   .173535
   2451.58   .173517
   2452.16   .173494
   2452.74   .173482
   2453.32   .173470
   2453.90   .173452
   2454.49   .173433
   2455.07   .173408
   2455.65   .173382
   2456.23   .173358
   2456.81   .173321
   2457.39   .173291
   2457.98   .173272
   2458.56   .173255
   2459.14   .173250
   2459.73   .173224
   2460.31   .173196
   2460.89   .173181
   2461.48   .173150
   2462.06   .173116
   2462.65   .173093
   2463.23   .173061
   2463.82   .173028
   2464.40   .173005
   2464.99   .172984
   2465.57   .172956
   2466.16   .172910
   2466.75   .172864
   2467.33   .172830
   2467.92   .172807
   2468.51   .172788
   2469.10   .172749
   2469.68   .172722
   2470.27   .172697
   2470.86   .172678
   2471.45   .172663
   2472.04   .172643
   2472.63   .172620
   2473.22   .172587
   2473.81   .172549
   2474.40   .172506
   2474.99   .172478
   2475.58   .172463
   2476.17   .172431
   2476.76   .172404
   2477.35   .172366
   2477.95   .172332
   2478.54   .172309
   2479.13   .172285
   2479.72   .172252
   2480.32   .172224
   2480.91   .172198
   2481.50   .172172
   2482.10   .172156
   2482.69   .172136
   2483.29   .172106
   2483.88   .172089
   2484.48   .172057
   2485.07   .172019
   2485.67   .171999
   2486.26   .171980
   2486.86   .171961
   2487.46   .171933
   2488.05   .171911
   2488.65   .171884
   2489.25   .171854
   2489.85   .171835
   2490.44   .171799
   2491.04   .171772
   2491.64   .171753
   2492.24   .171730
   2492.84   .171695
   2493.44   .171657
   2494.04   .171631
   2494.64   .171594
   2495.24   .171555
   2495.84   .171531
   2496.44   .171500
   2497.04   .171451
   2497.64   .171408
   2498.24   .171372
   2498.85   .171335
   2499.45   .171303
   2500.05   .171264
   2500.65   .171224
   2501.26   .171187
   2501.86   .171153
   2502.46   .171119
   2503.07   .171079
   2503.67   .171049
   2504.28   .171030
   2504.88   .171005
   2505.49   .170959
   2506.09   .170911
   2506.70   .170876
   2507.31   .170847
   2507.91   .170823
   2508.52   .170789
   2509.13   .170748
   2509.73   .170712
   2510.34   .170685
   2510.95   .170654
   2511.56   .170630
   2512.17   .170606
   2512.77   .170578
   2513.38   .170556
   2513.99   .170534
   2514.60   .170501
   2515.21   .170479
   2515.82   .170466
   2516.43   .170444
   2517.04   .170412
   2517.65   .170384
   2518.27   .170368
   2518.88   .170355
   2519.49   .170348
   2520.10   .170332
   2520.71   .170315
   2521.33   .170311
   2521.94   .170314
   2522.55   .170291
   2523.17   .170270
   2523.78   .170262
   2524.40   .170261
   2525.01   .170262
   2525.63   .170261
   2526.24   .170270
   2526.86   .170280
   2527.47   .170291
   2528.09   .170327
   2528.71   .170347
   2529.32   .170355
   2529.94   .170390
   2530.56   .170433
   2531.17   .170457
   2531.79   .170490
   2532.41   .170543
   2533.03   .170592
   2533.65   .170644
   2534.27   .170691
   2534.89   .170750
   2535.51   .170831
   2536.13   .170916
   2536.75   .171000
   2537.37   .171099
   2537.99   .171199
   2538.61   .171315
   2539.23   .171423
   2539.85   .171543
   2540.48   .171668
   2541.10   .171800
   2541.72   .171955
   2542.34   .172081
   2542.97   .172203
   2543.59   .172360
   2544.22   .172514
   2544.84   .172653
   2545.46   .172799
   2546.09   .172959
   2546.72   .173100
   2547.34   .173224
   2547.97   .173364
   2548.59   .173521
   2549.22   .173671
   2549.85   .173822
   2550.47   .173956
   2551.10   .174093
   2551.73   .174246
   2552.36   .174371
   2552.99   .174491
   2553.61   .174649
   2554.24   .174816
   2554.87   .174951
   2555.50   .175078
   2556.13   .175214
   2556.76   .175331
   2557.39   .175439
   2558.02   .175558
   2558.65   .175674
   2559.29   .175780
   2559.92   .175870
   2560.55   .175945
   2561.18   .176011
   2561.81   .176134
   2562.45   .176241
   2563.08   .176322
   2563.71   .176433
   2564.35   .176481
   2564.98   .176572
   2565.62   .176666
   2566.25   .176750
   2566.89   .176830
   2567.52   .176892
   2568.16   .176951
   2568.80   .177010
   2569.43   .177013
   2570.07   .177051
   2570.71   .177151
   2571.34   .177217
   2571.98   .177262
   2572.62   .177282
   2573.26   .177245
   2573.90   .177280
   2574.54   .177380
   2575.18   .177435
   2575.81   .177478
   2576.46   .177496
   2577.10   .177504
   2577.74   .177563
   2578.38   .177612
   2579.02   .177648
   2579.66   .177683
   2580.30   .177691
   2580.94   .177688
   2581.59   .177719
   2582.23   .177763
   2582.87   .177766
   2583.52   .177722
   2584.16   .177694
   2584.80   .177765
   2585.45   .177837
   2586.09   .177871
   2586.74   .177851
   2587.38   .177836
   2588.03   .177888
   2588.68   .177932
   2589.32   .177942
   2589.97   .177968
   2590.62   .177987
   2591.26   .177985
   2591.91   .177977
   2592.56   .177976
   2593.21   .178001
   2593.86   .177936
   2594.50   .177762
   2595.15   .177808
   2595.80   .177881
   2596.45   .177929
   2597.10   .178022
   2597.75   .178043
   2598.41   .178044
   2599.06   .178049
   2599.71   .178057
   2600.36   .178041
   2601.01   .178013
   2601.67   .177989
   2602.32   .177997
   2602.97   .177987
   2603.62   .177969
   2604.28   .177952
   2604.93   .177873
   2605.59   .177754
   2606.24   .177808
   2606.90   .177853
   2607.55   .177823
   2608.21   .177843
   2608.86   .177853
   2609.52   .177820
   2610.18   .177814
   2610.84   .177835
   2611.49   .177844
   2612.15   .177828
   2612.81   .177798
   2613.47   .177783
   2614.13   .177781
   2614.79   .177767
   2615.45   .177752
   2616.10   .177709
   2616.76   .177638
   2617.43   .177623
   2618.09   .177655
   2618.75   .177665
   2619.41   .177635
   2620.07   .177516
   2620.73   .177447
   2621.40   .177537
   2622.06   .177568
   2622.72   .177544
   2623.39   .177511
   2624.05   .177477
   2624.71   .177460
   2625.38   .177430
   2626.04   .177350
   2626.71   .177248
   2627.37   .177262
   2628.04   .177293
   2628.71   .177265
   2629.37   .177227
   2630.04   .177141
   2630.71   .177036
   2631.37   .177079
   2632.04   .177117
   2632.71   .177102
   2633.38   .177071
   2634.05   .177010
   2634.72   .176970
   2635.39   .176945
   2636.06   .176903
   2636.73   .176851
   2637.40   .176806
   2638.07   .176765
   2638.74   .176729
   2639.41   .176706
   2640.08   .176687
   2640.76   .176646
   2641.43   .176587
   2642.10   .176539
   2642.77   .176489
   2643.45   .176431
   2644.12   .176386
   2644.80   .176350
   2645.47   .176280
   2646.15   .176228
   2646.82   .176204
   2647.50   .176166
   2648.17   .176102
   2648.85   .176038
   2649.53   .175992
   2650.20   .175925
   2650.88   .175846
   2651.56   .175782
   2652.24   .175701
   2652.92   .175643
   2653.59   .175618
   2654.27   .175575
   2654.95   .175496
   2655.63   .175409
   2656.31   .175355
   2656.99   .175315
   2657.68   .175255
   2658.36   .175184
   2659.04   .175086
   2659.72   .174976
   2660.40   .174937
   2661.09   .174911
   2661.77   .174841
   2662.45   .174770
   2663.14   .174710
   2663.82   .174643
   2664.50   .174497
   2665.19   .174319
   2665.87   .174317
   2666.56   .174247
   2667.25   .174118
   2667.93   .174128
   2668.62   .174118
   2669.31   .174022
   2669.99   .173780
   2670.68   .173558
   2671.37   .173595
   2672.06   .173598
   2672.75   .173496
   2673.43   .173369
   2674.12   .173253
   2674.81   .173141
   2675.50   .173019
   2676.19   .172876
   2676.89   .172779
   2677.58   .172685
   2678.27   .172594
   2678.96   .172461
   2679.65   .172335
   2680.34   .172280
   2681.04   .172197
   2681.73   .172084
   2682.43   .171943
   2683.12   .171795
   2683.81   .171669
   2684.51   .171550
   2685.20   .171417
   2685.90   .171263
   2686.59   .171091
   2687.29   .170955
   2687.99   .170791
   2688.69   .170583
   2689.38   .170376
   2690.08   .170197
   2690.78   .170039
   2691.48   .169894
   2692.18   .169744
   2692.87   .169551
   2693.57   .169305
   2694.27   .169138
   2694.97   .169038
   2695.67   .168861
   2696.38   .168674
   2697.08   .168500
   2697.78   .168323
   2698.48   .168138
   2699.18   .167940
   2699.89   .167754
   2700.59   .167560
   2701.29   .167321
   2702.00   .167121
   2702.70   .166959
   2703.40   .166758
   2704.11   .166539
   2704.82   .166310
   2705.52   .166091
   2706.23   .165891
   2706.93   .165684
   2707.64   .165468
   2708.35   .165223
   2709.05   .164987
   2709.76   .164807
   2710.47   .164563
   2711.18   .164257
   2711.89   .164068
   2712.60   .163891
   2713.31   .163668
   2714.02   .163423
   2714.73   .163163
   2715.44   .162912
   2716.15   .162652
   2716.86   .162389
   2717.57   .162122
   2718.29   .161847
   2719.00   .161582
   2719.71   .161244
   2720.43   .160828
   2721.14   .160506
   2721.85   .160273
   2722.57   .160015
   2723.28   .159686
   2724.00   .159287
   2724.72   .158947
   2725.43   .158653
   2726.15   .158321
   2726.86   .157995
   2727.58   .157633
   2728.30   .157267
   2729.02   .156886
   2729.74   .156495
   2730.46   .156082
   2731.17   .155672
   2731.89   .155260
   2732.61   .154838
   2733.33   .154409
   2734.05   .153995
   2734.78   .153548
   2735.50   .153138
   2736.22   .152766
   2736.94   .152372
   2737.66   .151942
   2738.39   .151477
   2739.11   .151015
   2739.83   .150560
   2740.56   .150116
   2741.28   .149720
   2742.01   .149305
   2742.73   .148887
   2743.46   .148444
   2744.18   .147974
   2744.91   .147517
   2745.64   .147067
   2746.36   .146592
   2747.09   .146110
   2747.82   .145648
   2748.55   .145189
   2749.28   .144707
   2750.01   .144242
   2750.73   .143761
   2751.47   .143264
   2752.20   .142788
   2752.93   .142334
   2753.66   .141850
   2754.39   .141341
   2755.12   .140809
   2755.85   .140304
   2756.59   .139851
   2757.32   .139408
   2758.05   .138942
   2758.79   .138458
   2759.52   .137945
   2760.25   .137433
   2760.99   .136926
   2761.72   .136413
   2762.46   .135874
   2763.20   .135390
   2763.93   .134935
   2764.67   .134462
   2765.41   .134015
   2766.14   .133563
   2766.88   .133092
   2767.62   .132611
   2768.36   .132149
   2769.10   .131720
   2769.84   .131253
   2770.58   .130780
   2771.32   .130372
   2772.06   .129960
   2772.80   .129513
   2773.54   .129087
   2774.28   .128670
   2775.03   .128266
   2775.77   .127834
   2776.51   .127399
   2777.26   .126979
   2778.00   .126554
   2778.75   .126123
   2779.49   .125709
   2780.24   .125297
   2780.98   .124882
   2781.73   .124486
   2782.47   .124105
   2783.22   .123718
   2783.97   .123342
   2784.72   .122967
   2785.46   .122579
   2786.21   .122177
   2786.96   .121817
   2787.71   .121470
   2788.46   .121127
   2789.21   .120817
   2789.96   .120522
   2790.71   .120216
   2791.46   .119909
   2792.21   .119615
   2792.97   .119325
   2793.72   .119034
   2794.47   .118756
   2795.22   .118467
   2795.98   .118189
   2796.73   .117919
   2797.49   .117641
   2798.24   .117368
   2799.00   .117098
   2799.75   .116820
   2800.51   .116525
   2801.27   .116233
   2802.02   .115934
   2802.78   .115617
   2803.54   .115310
   2804.30   .115022
   2805.05   .114746
   2805.81   .114455
   2806.57   .114167
   2807.33   .113898
   2808.09   .113613
   2808.85   .113328
   2809.61   .113044
   2810.38   .112776
   2811.14   .112505
   2811.90   .112225
   2812.66   .111955
   2813.43   .111679
   2814.19   .111404
   2814.95   .111141
   2815.72   .110901
   2816.48   .110666
   2817.25   .110428
   2818.01   .110180
   2818.78   .109935
   2819.55   .109699
   2820.31   .109476
   2821.08   .109259
   2821.85   .109058
   2822.62   .108849
   2823.38   .108637
   2824.15   .108433
   2824.92   .108239
   2825.69   .108035
   2826.46   .107834
   2827.23   .107639
   2828.00   .107455
   2828.78   .107265
   2829.55   .107075
   2830.32   .106870
   2831.09   .106663
   2831.87   .106483
   2832.64   .106306
   2833.41   .106108
   2834.19   .105896
   2834.96   .105689
   2835.74   .105486
   2836.51   .105272
   2837.29   .105060
   2838.07   .104840
   2838.84   .104627
   2839.62   .104425
   2840.40   .104225
   2841.18   .104014
   2841.95   .103815
   2842.73   .103623
   2843.51   .103434
   2844.29   .103253
   2845.07   .103076
   2845.85   .102892
   2846.64   .102718
   2847.42   .102553
   2848.20   .102368
   2848.98   .102183
   2849.76   .102001
   2850.55   .101826
   2851.33   .101659
   2852.12   .101478
   2852.90   .101281
   2853.69   .101101
   2854.47   .100928
   2855.26   .100736
   2856.04   .100552
   2856.83   .100370
   2857.62   .100187
   2858.41   .099997
   2859.19   .099817
   2859.98   .099635
   2860.77   .099460
   2861.56   .099294
   2862.35   .099134
   2863.14   .098980
   2863.93   .098819
   2864.72   .098665
   2865.51   .098528
   2866.31   .098382
   2867.10   .098215
   2867.89   .098056
   2868.69   .097917
   2869.48   .097771
   2870.27   .097630
   2871.07   .097489
   2871.86   .097358
   2872.66   .097218
   2873.46   .097071
   2874.25   .096929
   2875.05   .096789
   2875.85   .096636
   2876.64   .096465
   2877.44   .096290
   2878.24   .096130
   2879.04   .095977
   2879.84   .095813
   2880.64   .095635
   2881.44   .095462
   2882.24   .095294
   2883.04   .095138
   2883.84   .094990
   2884.65   .094839
   2885.45   .094689
   2886.25   .094525
   2887.06   .094365
   2887.86   .094211
   2888.66   .094056
   2889.47   .093890
   2890.27   .093740
   2891.08   .093589
   2891.89   .093437
   2892.69   .093278
   2893.50   .093116
   2894.31   .092969
   2895.12   .092828
   2895.92   .092663
   2896.73   .092504
   2897.54   .092351
   2898.35   .092189
   2899.16   .092031
   2899.97   .091893
   2900.79   .091740
   2901.60   .091576
   2902.41   .091424
   2903.22   .091287
   2904.04   .091147
   2904.85   .091005
   2905.66   .090834
   2906.48   .090654
   2907.29   .090492
   2908.11   .090334
   2908.92   .090176
   2909.74   .090016
   2910.56   .089850
   2911.37   .089690
   2912.19   .089533
   2913.01   .089370
   2913.83   .089210
   2914.65   .089036
   2915.47   .088880
   2916.29   .088730
   2917.11   .088573
   2917.93   .088410
   2918.75   .088247
   2919.57   .088077
   2920.39   .087909
   2921.21   .087748
   2922.04   .087585
   2922.86   .087440
   2923.69   .087283
   2924.51   .087113
   2925.34   .086946
   2926.16   .086787
   2926.99   .086638
   2927.81   .086482
   2928.64   .086332
   2929.47   .086175
   2930.29   .086014
   2931.12   .085866
   2931.95   .085721
   2932.78   .085592
   2933.61   .085468
   2934.44   .085309
   2935.27   .085166
   2936.10   .085049
   2936.93   .084921
   2937.77   .084775
   2938.60   .084651
   2939.43   .084552
   2940.27   .084451
   2941.10   .084329
   2941.93   .084217
   2942.77   .084122
   2943.60   .084034
   2944.44   .083949
   2945.28   .083864
   2946.11   .083769
   2946.95   .083686
   2947.79   .083619
   2948.63   .083556
   2949.47   .083483
   2950.30   .083421
   2951.14   .083363
   2951.98   .083301
   2952.82   .083264
   2953.67   .083242
   2954.51   .083203
   2955.35   .083157
   2956.19   .083136
   2957.03   .083127
   2957.88   .083109
   2958.72   .083083
   2959.57   .083068
   2960.41   .083067
   2961.26   .083070
   2962.10   .083075
   2962.95   .083070
   2963.80   .083064
   2964.64   .083082
   2965.49   .083110
   2966.34   .083133
   2967.19   .083153
   2968.04   .083171
   2968.89   .083187
   2969.74   .083204
   2970.59   .083220
   2971.44   .083249
   2972.29   .083283
   2973.14   .083301
   2974.00   .083307
   2974.85   .083314
   2975.70   .083319
   2976.56   .083331
   2977.41   .083332
   2978.27   .083329
   2979.12   .083331
   2979.98   .083323
   2980.84   .083299
   2981.69   .083294
   2982.55   .083289
   2983.41   .083271
   2984.27   .083252
   2985.13   .083219
   2985.99   .083181
   2986.85   .083154
   2987.71   .083132
   2988.57   .083103
   2989.43   .083065
   2990.29   .083012
   2991.15   .082972
   2992.02   .082940
   2992.88   .082906
   2993.74   .082860
   2994.61   .082823
   2995.47   .082781
   2996.34   .082724
   2997.21   .082672
   2998.07   .082625
   2998.94   .082580
   2999.81   .082526
   3000.67   .082484
   3001.54   .082449
   3002.41   .082396
   3003.28   .082336
   3004.15   .082282
   3005.02   .082221
   3005.89   .082172
   3006.77   .082119
   3007.64   .082069
   3008.51   .082021
   3009.38   .081959
   3010.26   .081906
   3011.13   .081857
   3012.01   .081811
   3012.88   .081773
   3013.76   .081706
   3014.63   .081656
   3015.51   .081608
   3016.39   .081549
   3017.26   .081502
   3018.14   .081453
   3019.02   .081386
   3019.90   .081337
   3020.78   .081288
   3021.66   .081219
   3022.54   .081162
   3023.42   .081123
   3024.30   .081067
   3025.19   .081011
   3026.07   .080970
   3026.95   .080916
   3027.84   .080851
   3028.72   .080801
   3029.60   .080750
   3030.49   .080699
   3031.38   .080648
   3032.26   .080589
   3033.15   .080528
   3034.04   .080470
   3034.93   .080413
   3035.81   .080361
   3036.70   .080298
   3037.59   .080242
   3038.48   .080188
   3039.37   .080118
   3040.26   .080060
   3041.16   .080007
   3042.05   .079957
   3042.94   .079892
   3043.83   .079823
   3044.73   .079770
   3045.62   .079709
   3046.52   .079638
   3047.41   .079586
   3048.31   .079524
   3049.20   .079454
   3050.10   .079387
   3051.00   .079344
   3051.90   .079297
   3052.79   .079241
   3053.69   .079173
   3054.59   .079104
   3055.49   .079044
   3056.39   .078994
   3057.30   .078941
   3058.20   .078882
   3059.10   .078821
   3060.00   .078758
   3060.91   .078709
   3061.81   .078661
   3062.71   .078610
   3063.62   .078548
   3064.52   .078474
   3065.43   .078417
   3066.34   .078369
   3067.24   .078328
   3068.15   .078288
   3069.06   .078229
   3069.97   .078165
   3070.88   .078112
   3071.79   .078047
   3072.70   .077984
   3073.61   .077917
   3074.52   .077861
   3075.43   .077806
   3076.34   .077766
   3077.26   .077715
   3078.17   .077647
   3079.08   .077588
   3080.00   .077530
   3080.91   .077470
   3081.83   .077420
   3082.74   .077378
   3083.66   .077336
   3084.58   .077281
   3085.50   .077214
   3086.41   .077162
   3087.33   .077133
   3088.25   .077100
   3089.17   .077053
   3090.09   .076999
   3091.01   .076966
   3091.94   .076935
   3092.86   .076889
   3093.78   .076840
   3094.70   .076811
   3095.63   .076774
   3096.55   .076742
   3097.48   .076711
   3098.40   .076666
   3099.33   .076640
   3100.26   .076632
   3101.18   .076605
   3102.11   .076570
   3103.04   .076544
   3103.97   .076513
   3104.90   .076483
   3105.83   .076457
   3106.76   .076436
   3107.69   .076418
   3108.62   .076400
   3109.55   .076386
   3110.48   .076377
   3111.42   .076387
   3112.35   .076377
   3113.29   .076363
   3114.22   .076346
   3115.16   .076334
   3116.09   .076327
   3117.03   .076333
   3117.97   .076347
   3118.91   .076352
   3119.84   .076351
   3120.78   .076349
   3121.72   .076341
   3122.66   .076339
   3123.60   .076335
   3124.54   .076334
   3125.49   .076317
   3126.43   .076306
   3127.37   .076300
   3128.31   .076293
   3129.26   .076289
   3130.20   .076288
   3131.15   .076266
   3132.09   .076241
   3133.04   .076215
   3133.99   .076204
   3134.93   .076194
   3135.88   .076184
   3136.83   .076178
   3137.78   .076172
   3138.73   .076169
   3139.68   .076138
   3140.63   .076111
   3141.58   .076121
   3142.53   .076127
   3143.49   .076117
   3144.44   .076111
   3145.39   .076118
   3146.35   .076116
   3147.30   .076100
   3148.26   .076102
   3149.22   .076114
   3150.17   .076116
   3151.13   .076107
   3152.09   .076103
   3153.05   .076105
   3154.00   .076099
   3154.96   .076106
   3155.92   .076118
   3156.89   .076117
   3157.85   .076131
   3158.81   .076150
   3159.77   .076166
   3160.73   .076184
   3161.70   .076194
   3162.66   .076204
   3163.63   .076217
   3164.59   .076230
   3165.56   .076260
   3166.53   .076278
   3167.49   .076282
   3168.46   .076295
   3169.43   .076316
   3170.40   .076333
   3171.37   .076339
   3172.34   .076341
   3173.31   .076361
   3174.28   .076369
   3175.25   .076381
   3176.22   .076412
   3177.20   .076435
   3178.17   .076432
   3179.15   .076430
   3180.12   .076459
   3181.10   .076484
   3182.07   .076509
   3183.05   .076541
   3184.03   .076573
   3185.00   .076584
   3185.98   .076585
   3186.96   .076603
   3187.94   .076627
   3188.92   .076649
   3189.90   .076677
   3190.88   .076699
   3191.87   .076723
   3192.85   .076762
   3193.83   .076794
   3194.82   .076817
   3195.80   .076846
   3196.79   .076889
   3197.77   .076918
   3198.76   .076955
   3199.75   .076995
   3200.73   .077040
   3201.72   .077070
   3202.71   .077108
   3203.70   .077161
   3204.69   .077216
   3205.68   .077288
   3206.67   .077339
   3207.66   .077387
   3208.66   .077449
   3209.65   .077506
   3210.64   .077568
   3211.64   .077633
   3212.63   .077694
   3213.63   .077768
   3214.63   .077844
   3215.62   .077919
   3216.62   .077995
   3217.62   .078060
   3218.62   .078118
   3219.62   .078194
   3220.62   .078289
   3221.62   .078382
   3222.62   .078478
   3223.62   .078579
   3224.62   .078658
   3225.63   .078747
   3226.63   .078853
   3227.63   .078951
   3228.64   .079044
   3229.64   .079139
   3230.65   .079249
   3231.66   .079364
   3232.66   .079464
   3233.67   .079562
   3234.68   .079663
   3235.69   .079778
   3236.70   .079904
   3237.71   .080026
   3238.72   .080144
   3239.73   .080268
   3240.75   .080385
   3241.76   .080501
   3242.77   .080623
   3243.79   .080750
   3244.80   .080872
   3245.82   .080980
   3246.83   .081097
   3247.85   .081239
   3248.87   .081380
   3249.89   .081492
   3250.91   .081594
   3251.93   .081716
   3252.95   .081860
   3253.97   .081997
   3254.99   .082121
   3256.01   .082242
   3257.03   .082374
   3258.06   .082519
   3259.08   .082655
   3260.10   .082767
   3261.13   .082880
   3262.16   .083001
   3263.18   .083136
   3264.21   .083276
   3265.24   .083388
   3266.27   .083509
   3267.30   .083630
   3268.33   .083737
   3269.36   .083845
   3270.39   .083972
   3271.42   .084101
   3272.45   .084193
   3273.48   .084281
   3274.52   .084371
   3275.55   .084481
   3276.59   .084587
   3277.62   .084677
   3278.66   .084776
   3279.70   .084851
   3280.73   .084919
   3281.77   .085006
   3282.81   .085074
   3283.85   .085123
   3284.89   .085177
   3285.93   .085237
   3286.97   .085276
   3288.01   .085282
   3289.06   .085278
   3290.10   .085283
   3291.15   .085290
   3292.19   .085266
   3293.24   .085207
   3294.28   .085117
   3295.33   .085005
   3296.38   .084891
   3297.43   .084754
   3298.47   .084580
   3299.52   .084378
   3300.57   .084119
   3301.62   .083831
   3302.68   .083501
   3303.73   .083130
   3304.78   .082738
   3305.83   .082343
   3306.89   .081933
   3307.94   .081494
   3309.00   .081050
   3310.06   .080629
   3311.11   .080228
   3312.17   .079846
   3313.23   .079482
   3314.29   .079130
   3315.35   .078808
   3316.41   .078522
   3317.47   .078275
   3318.53   .078058
   3319.59   .077862
   3320.66   .077695
   3321.72   .077561
   3322.78   .077453
   3323.85   .077372
   3324.92   .077326
   3325.98   .077284
   3327.05   .077242
   3328.12   .077219
   3329.18   .077205
   3330.25   .077197
   3331.32   .077199
   3332.39   .077194
   3333.47   .077180
   3334.54   .077182
   3335.61   .077169
   3336.68   .077120
   3337.76   .077030
   3338.83   .076930
   3339.91   .076815
   3340.98   .076664
   3342.06   .076484
   3343.14   .076289
   3344.22   .076118
   3345.30   .075979
   3346.37   .075865
   3347.45   .075796
   3348.54   .075791
   3349.62   .075813
   3350.70   .075869
   3351.78   .075974
   3352.87   .076094
   3353.95   .076213
   3355.04   .076347
   3356.12   .076502
   3357.21   .076661
   3358.30   .076819
   3359.38   .076982
   3360.47   .077128
   3361.56   .077265
   3362.65   .077398
   3363.74   .077529
   3364.83   .077636
   3365.93   .077727
   3367.02   .077816
   3368.11   .077908
   3369.21   .078003
   3370.30   .078112
   3371.40   .078229
   3372.49   .078348
   3373.59   .078477
   3374.69   .078623
   3375.79   .078758
   3376.89   .078892
   3377.99   .079049
   3379.09   .079233
   3380.19   .079413
   3381.29   .079598
   3382.39   .079783
   3383.50   .079975
   3384.60   .080161
   3385.71   .080322
   3386.81   .080463
   3387.92   .080599
   3389.03   .080737
   3390.13   .080844
   3391.24   .080930
   3392.35   .081023
   3393.46   .081090
   3394.57   .081130
   3395.69   .081162
   3396.80   .081200
   3397.91   .081223
   3399.03   .081222
   3400.14   .081215
   3401.25   .081194
   3402.37   .081165
   3403.49   .081145
   3404.60   .081108
   3405.72   .081061
   3406.84   .081022
   3407.96   .080973
   3409.08   .080924
   3410.20   .080873
   3411.33   .080809
   3412.45   .080760
   3413.57   .080730
   3414.70   .080688
   3415.82   .080654
   3416.95   .080650
   3418.07   .080660
   3419.20   .080672
   3420.33   .080689
   3421.45   .080732
   3422.58   .080780
   3423.71   .080818
   3424.85   .080858
   3425.98   .080886
   3427.11   .080903
   3428.24   .080927
   3429.38   .080939
   3430.51   .080923
   3431.65   .080916
   3432.78   .080905
   3433.92   .080877
   3435.06   .080824
   3436.19   .080753
   3437.33   .080667
   3438.47   .080580
   3439.61   .080482
   3440.75   .080353
   3441.90   .080232
   3443.04   .080108
   3444.18   .079972
   3445.33   .079832
   3446.47   .079673
   3447.62   .079504
   3448.76   .079339
   3449.91   .079183
   3451.06   .079034
   3452.21   .078893
   3453.36   .078729
   3454.51   .078559
   3455.66   .078408
   3456.81   .078265
   3457.97   .078120
   3459.12   .077971
   3460.27   .077821
   3461.43   .077680
   3462.58   .077523
   3463.74   .077347
   3464.90   .077177
   3466.06   .076996
   3467.22   .076797
   3468.37   .076595
   3469.54   .076404
   3470.70   .076253
   3471.86   .076133
   3473.02   .076047
   3474.19   .076030
   3475.35   .076054
   3476.52   .076100
   3477.68   .076209
   3478.85   .076351
   3480.01   .076521
   3481.18   .076729
   3482.35   .076964
   3483.52   .077215
   3484.69   .077474
   3485.86   .077728
   3487.04   .078003
   3488.21   .078291
   3489.38   .078586
   3490.56   .078888
   3491.73   .079185
   3492.91   .079507
   3494.09   .079852
   3495.26   .080178
   3496.44   .080509
   3497.62   .080848
   3498.80   .081195
   3499.98   .081571
   3501.16   .081972
   3502.35   .082403
   3503.53   .082884
   3504.72   .083381
   3505.90   .083905
   3507.09   .084447
   3508.27   .085000
   3509.46   .085576
   3510.65   .086172
   3511.84   .086783
   3513.03   .087422
   3514.22   .088084
   3515.41   .088759
   3516.60   .089449
   3517.79   .090158
   3518.99   .090880
   3520.18   .091624
   3521.38   .092392
   3522.57   .093178
   3523.77   .093933
   3524.97   .094668
   3526.17   .095412
   3527.37   .096153
   3528.57   .096863
   3529.77   .097565
   3530.97   .098257
   3532.17   .098929
   3533.38   .099560
   3534.58   .100151
   3535.78   .100715
   3536.99   .101279
   3538.20   .101842
   3539.41   .102354
   3540.61   .102826
   3541.82   .103288
   3543.03   .103726
   3544.24   .104127
   3545.46   .104487
   3546.67   .104848
   3547.88   .105200
   3549.10   .105509
   3550.31   .105792
   3551.53   .106069
   3552.75   .106338
   3553.96   .106592
   3555.18   .106836
   3556.40   .107079
   3557.62   .107312
   3558.84   .107538
   3560.06   .107764
   3561.29   .107991
   3562.51   .108208
   3563.73   .108412
   3564.96   .108606
   3566.19   .108816
   3567.41   .109039
   3568.64   .109246
   3569.87   .109435
   3571.10   .109626
   3572.33   .109826
   3573.56   .110040
   3574.79   .110234
   3576.02   .110428
   3577.26   .110647
   3578.49   .110864
   3579.73   .111074
   3580.96   .111290
   3582.20   .111493
   3583.44   .111686
   3584.68   .111873
   3585.92   .112065
   3587.16   .112250
   3588.40   .112408
   3589.64   .112578
   3590.88   .112752
   3592.13   .112916
   3593.37   .113061
   3594.62   .113202
   3595.86   .113351
   3597.11   .113496
   3598.36   .113646
   3599.61   .113796
   3600.86   .113929
   3602.11   .114060
   3603.36   .114194
   3604.61   .114324
   3605.87   .114439
   3607.12   .114568
   3608.38   .114710
   3609.63   .114821
   3610.89   .114931
   3612.15   .115062
   3613.41   .115192
   3614.67   .115313
   3615.93   .115425
   3617.19   .115542
   3618.45   .115662
   3619.71   .115772
   3620.98   .115866
   3622.24   .115960
   3623.51   .116064
   3624.77   .116165
   3626.04   .116269
   3627.31   .116394
   3628.58   .116498
   3629.85   .116594
   3631.12   .116695
   3632.39   .116793
   3633.67   .116907
   3634.94   .117020
   3636.21   .117145
   3637.49   .117280
   3638.77   .117376
   3640.04   .117487
   3641.32   .117601
   3642.60   .117706
   3643.88   .117813
   3645.16   .117927
   3646.44   .118040
   3647.73   .118134
   3649.01   .118225
   3650.29   .118320
   3651.58   .118432
   3652.86   .118548
   3654.15   .118665
   3655.44   .118791
   3656.73   .118896
   3658.02   .118992
   3659.31   .119099
   3660.60   .119212
   3661.90   .119329
   3663.19   .119423
   3664.48   .119518
   3665.78   .119626
   3667.08   .119724
   3668.37   .119825
   3669.67   .119922
   3670.97   .120025
   3672.27   .120139
   3673.57   .120252
   3674.87   .120366
   3676.18   .120463
   3677.48   .120575
   3678.78   .120695
   3680.09   .120810
   3681.40   .120923
   3682.70   .121028
   3684.01   .121126
   3685.32   .121225
   3686.63   .121336
   3687.94   .121446
   3689.25   .121555
   3690.57   .121659
   3691.88   .121750
   3693.20   .121835
   3694.51   .121911
   3695.83   .121994
   3697.15   .122087
   3698.46   .122197
   3699.78   .122271
   3701.10   .122326
   3702.43   .122403
   3703.75   .122499
   3705.07   .122580
   3706.40   .122639
   3707.72   .122710
   3709.05   .122779
   3710.38   .122852
   3711.70   .122909
   3713.03   .122963
   3714.36   .123033
   3715.69   .123084
   3717.02   .123155
   3718.36   .123218
   3719.69   .123250
   3721.03   .123291
   3722.36   .123344
   3723.70   .123379
   3725.04   .123429
   3726.38   .123469
   3727.72   .123501
   3729.06   .123553
   3730.40   .123589
   3731.74   .123609
   3733.08   .123631
   3734.43   .123652
   3735.77   .123671
   3737.12   .123662
   3738.47   .123633
   3739.82   .123621
   3741.16   .123601
   3742.51   .123566
   3743.87   .123528
   3745.22   .123469
   3746.57   .123402
   3747.93   .123324
   3749.28   .123218
   3750.64   .123086
   3751.99   .122941
   3753.35   .122773
   3754.71   .122559
   3756.07   .122320
   3757.43   .122053
   3758.79   .121756
   3760.16   .121430
   3761.52   .121085
   3762.89   .120703
   3764.25   .120290
   3765.62   .119870
   3766.99   .119434
   3768.35   .118980
   3769.72   .118497
   3771.10   .118012
   3772.47   .117524
   3773.84   .117033
   3775.21   .116530
   3776.59   .116019
   3777.97   .115496
   3779.34   .114981
   3780.72   .114481
   3782.10   .113974
   3783.48   .113437
   3784.86   .112897
   3786.24   .112345
   3787.63   .111792
   3789.01   .111246
   3790.39   .110667
   3791.78   .110068
   3793.17   .109474
   3794.56   .108862
   3795.94   .108232
   3797.33   .107609
   3798.73   .106986
   3800.12   .106340
   3801.51   .105732
   3802.90   .105162
   3804.30   .104596
   3805.70   .104049
   3807.09   .103554
   3808.49   .103089
   3809.89   .102656
   3811.29   .102281
   3812.69   .101965
   3814.09   .101668
   3815.50   .101413
   3816.90   .101210
   3818.31   .101044
   3819.71   .100915
   3821.12   .100819
   3822.53   .100743
   3823.94   .100707
   3825.35   .100701
   3826.76   .100744
   3828.18   .100804
   3829.59   .100882
   3831.00   .100976
   3832.42   .101109
   3833.84   .101272
   3835.25   .101447
   3836.67   .101662
   3838.09   .101903
   3839.51   .102209
   3840.94   .102552
   3842.36   .102901
   3843.78   .103265
   3845.21   .103647
   3846.64   .104041
   3848.06   .104405
   3849.49   .104738
   3850.92   .105057
   3852.35   .105341
   3853.78   .105542
   3855.22   .105656
   3856.65   .105728
   3858.09   .105740
   3859.52   .105660
   3860.96   .105498
   3862.40   .105275
   3863.84   .104994
   3865.28   .104657
   3866.72   .104277
   3868.16   .103860
   3869.60   .103432
   3871.05   .103000
   3872.49   .102547
   3873.94   .102109
   3875.39   .101711
   3876.84   .101315
   3878.29   .100905
   3879.74   .100502
   3881.19   .100147
   3882.64   .099797
   3884.10   .099444
   3885.55   .099148
   3887.01   .098871
   3888.47   .098597
   3889.93   .098377
   3891.39   .098177
   3892.85   .097970
   3894.31   .097777
   3895.77   .097612
   3897.24   .097427
   3898.70   .097240
   3900.17   .097090
   3901.63   .096927
   3903.10   .096735
   3904.57   .096524
   3906.04   .096291
   3907.51   .096035
   3908.99   .095754
   3910.46   .095459
   3911.94   .095154
   3913.41   .094830
   3914.89   .094455
   3916.37   .094062
   3917.85   .093665
   3919.33   .093256
   3920.81   .092858
   3922.29   .092466
   3923.78   .092064
   3925.26   .091662
   3926.75   .091297
   3928.24   .090947
   3929.73   .090598
   3931.22   .090303
   3932.71   .090035
   3934.20   .089758
   3935.69   .089445
   3937.19   .089102
   3938.68   .088709
   3940.18   .088271
   3941.68   .087778
   3943.18   .087283
   3944.68   .086807
   3946.18   .086345
   3947.68   .085868
   3949.18   .085405
   3950.69   .084950
   3952.19   .084502
   3953.70   .084062
   3955.21   .083668
   3956.72   .083315
   3958.23   .082975
   3959.74   .082669
   3961.25   .082413
   3962.77   .082172
   3964.28   .081958
   3965.80   .081791
   3967.31   .081640
   3968.83   .081524
   3970.35   .081446
   3971.87   .081391
   3973.40   .081386
   3974.92   .081400
   3976.44   .081448
   3977.97   .081574
   3979.50   .081731
   3981.02   .081914
   3982.55   .082168
   3984.08   .082522
   3985.61   .082947
   3987.15   .083450
   3988.68   .084029
   3990.21   .084710
   3991.75   .085498
   3993.29   .086339
   3994.83   .087261
   3996.37   .088243
   3997.91   .089295
   3999.45   .090418
   4000.99   .091603
   4002.54   .092864
   4004.08   .094160
   4005.63   .095439
   4007.18   .096756
   4008.72   .098110
   4010.27   .099456
   4011.83   .100757
   4013.38   .102007
   4014.93   .103224
   4016.49   .104421
   4018.04   .105560
   4019.60   .106649
   4021.16   .107677
   4022.72   .108664
   4024.28   .109689
   4025.84   .110708
   4027.41   .111694
   4028.97   .112654
   4030.54   .113613
   4032.11   .114545
   4033.67   .115474
   4035.24   .116424
   4036.81   .117366
   4038.39   .118291
   4039.96   .119226
   4041.54   .120129
   4043.11   .120983
   4044.69   .121827
   4046.27   .122653
   4047.85   .123435
   4049.43   .124177
   4051.01   .124903
   4052.59   .125552
   4054.18   .126144
   4055.76   .126749
   4057.35   .127343
   4058.94   .127896
   4060.53   .128441
   4062.12   .128944
   4063.71   .129430
   4065.30   .129928
   4066.90   .130396
   4068.49   .130822
   4070.09   .131223
   4071.69   .131655
   4073.29   .132085
   4074.89   .132511
   4076.49   .132934
   4078.09   .133346
   4079.70   .133743
   4081.30   .134120
   4082.91   .134488
   4084.52   .134829
   4086.13   .135169
   4087.74   .135522
   4089.35   .135868
   4090.96   .136209
   4092.58   .136550
   4094.19   .136897
   4095.81   .137234
   4097.43   .137551
   4099.05   .137862
   4100.67   .138150
   4102.29   .138453
   4103.92   .138733
   4105.54   .138987
   4107.17   .139238
   4108.79   .139486
   4110.42   .139744
   4112.05   .140000
   4113.68   .140271
   4115.32   .140525
   4116.95   .140763
   4118.58   .140990
   4120.22   .141194
   4121.86   .141392
   4123.50   .141602
   4125.14   .141817
   4126.78   .142027
   4128.42   .142212
   4130.07   .142386
   4131.71   .142548
   4133.36   .142720
   4135.01   .142884
   4136.66   .143045
   4138.31   .143205
   4139.96   .143353
   4141.61   .143483
   4143.27   .143610
   4144.92   .143763
   4146.58   .143913
   4148.24   .144063
   4149.90   .144198
   4151.56   .144291
   4153.23   .144395
   4154.89   .144533
   4156.55   .144642
   4158.22   .144770
   4159.89   .144928
   4161.56   .145052
   4163.23   .145174
   4164.90   .145283
   4166.58   .145388
   4168.25   .145522
   4169.93   .145656
   4171.61   .145791
   4173.28   .145899
   4174.96   .146029
   4176.65   .146138
   4178.33   .146199
   4180.01   .146280
   4181.70   .146397
   4183.39   .146556
   4185.07   .146667
   4186.76   .146710
   4188.45   .146786
   4190.15   .146897
   4191.84   .147009
   4193.54   .147101
   4195.23   .147185
   4196.93   .147242
   4198.63   .147330
   4200.33   .147429
   4202.03   .147521
   4203.74   .147621
   4205.44   .147728
   4207.15   .147783
   4208.85   .147813
   4210.56   .147877
   4212.27   .147920
   4213.99   .147966
   4215.70   .147977
   4217.41   .147953
   4219.13   .147951
   4220.85   .147956
   4222.56   .147949
   4224.29   .147989
   4226.01   .148022
   4227.73   .148008
   4229.45   .148028
   4231.18   .148036
   4232.91   .148039
   4234.64   .148080
   4236.37   .148103
   4238.10   .148137
   4239.83   .148166
   4241.56   .148193
   4243.30   .148234
   4245.04   .148280
   4246.78   .148311
   4248.52   .148342
   4250.26   .148393
   4252.00   .148421
   4253.74   .148429
   4255.49   .148469
   4257.24   .148480
   4258.99   .148452
   4260.74   .148425
   4262.49   .148412
   4264.24   .148417
   4265.99   .148413
   4267.75   .148409
   4269.51   .148420
   4271.27   .148415
   4273.03   .148385
   4274.79   .148339
   4276.55   .148298
   4278.31   .148275
   4280.08   .148276
   4281.85   .148274
   4283.62   .148223
   4285.39   .148168
   4287.16   .148147
   4288.93   .148131
   4290.71   .148137
   4292.48   .148125
   4294.26   .148120
   4296.04   .148119
   4297.82   .148109
   4299.60   .148103
   4301.38   .148124
   4303.17   .148155
   4304.96   .148149
   4306.74   .148171
   4308.53   .148156
   4310.32   .148142
   4312.12   .148172
   4313.91   .148214
   4315.71   .148212
   4317.50   .148197
   4319.30   .148182
   4321.10   .148193
   4322.90   .148227
   4324.71   .148264
   4326.51   .148276
   4328.32   .148290
   4330.12   .148307
   4331.93   .148351
   4333.74   .148375
   4335.56   .148395
   4337.37   .148406
   4339.18   .148437
   4341.00   .148505
   4342.82   .148530
   4344.64   .148530
   4346.46   .148576
   4348.28   .148642
   4350.11   .148683
   4351.93   .148748
   4353.76   .148791
   4355.59   .148853
   4357.42   .148940
   4359.25   .148964
   4361.08   .148962
   4362.92   .148973
   4364.75   .149029
   4366.59   .149059
   4368.43   .149039
   4370.27   .148973
   4372.11   .148958
   4373.96   .148974
   4375.80   .148960
   4377.65   .148941
   4379.50   .148928
   4381.35   .148874
   4383.20   .148792
   4385.06   .148756
   4386.91   .148725
   4388.77   .148617
   4390.63   .148472
   4392.49   .148365
   4394.35   .148297
   4396.21   .148222
   4398.07   .148143
   4399.94   .148003
   4401.81   .147854
   4403.68   .147763
   4405.55   .147662
   4407.42   .147567
   4409.30   .147459
   4411.17   .147340
   4413.05   .147217
   4414.93   .147053
   4416.81   .146924
   4418.69   .146851
   4420.58   .146754
   4422.46   .146590
   4424.35   .146402
   4426.24   .146319
   4428.13   .146176
   4430.02   .146023
   4431.91   .145911
   4433.81   .145811
   4435.70   .145681
   4437.60   .145534
   4439.50   .145425
   4441.40   .145335
   4443.30   .145245
   4445.21   .145159
   4447.12   .145112
   4449.02   .145054
   4450.93   .144980
   4452.84   .144956
   4454.76   .144931
   4456.67   .144846
   4458.59   .144833
   4460.51   .144853
   4462.43   .144891
   4464.35   .144927
   4466.27   .144912
   4468.19   .144937
   4470.12   .145044
   4472.05   .145125
   4473.98   .145159
   4475.91   .145209
   4477.84   .145319
   4479.78   .145467
   4481.71   .145584
   4483.65   .145662
   4485.59   .145731
   4487.53   .145760
   4489.47   .145791
   4491.42   .145940
   4493.36   .146081
   4495.31   .146158
   4497.26   .146208
   4499.21   .146284
   4501.17   .146352
   4503.12   .146443
   4505.08   .146535
   4507.04   .146568
   4509.00   .146571
   4510.96   .146571
   4512.92   .146598
   4514.89   .146598
   4516.85   .146537
   4518.82   .146482
   4520.79   .146427
   4522.76   .146345
   4524.74   .146301
   4526.71   .146252
   4528.69   .146203
   4530.67   .146148
   4532.65   .146091
   4534.63   .145943
   4536.61   .145808
   4538.60   .145740
   4540.58   .145644
   4542.57   .145519
   4544.56   .145412
   4546.56   .145341
   4548.55   .145295
   4550.55   .145253
   4552.55   .145177
   4554.55   .145085
   4556.55   .145022
   4558.55   .144921
   4560.55   .144828
   4562.56   .144716
   4564.57   .144560
   4566.58   .144426
   4568.59   .144364
   4570.60   .144252
   4572.62   .144135
   4574.64   .144019
   4576.66   .143883
   4578.68   .143740
   4580.70   .143531
   4582.73   .143343
   4584.75   .143234
   4586.78   .143130
   4588.81   .142993
   4590.84   .142820
   4592.87   .142644
   4594.91   .142433
   4596.95   .142201
   4598.98   .142015
   4601.03   .141814
   4603.07   .141655
   4605.11   .141493
   4607.16   .141245
   4609.21   .140959
   4611.26   .140767
   4613.31   .140586
   4615.36   .140431
   4617.42   .140244
   4619.47   .139940
   4621.53   .139714
   4623.59   .139596
   4625.65   .139445
   4627.72   .139222
   4629.78   .139009
   4631.85   .138872
   4633.92   .138716
   4635.99   .138476
   4638.07   .138222
   4640.14   .138030
   4642.22   .137818
   4644.30   .137598
   4646.38   .137410
   4648.46   .137232
   4650.55   .137082
   4652.63   .136972
   4654.72   .136808
   4656.81   .136724
   4658.91   .136681
   4661.00   .136628
   4663.10   .136567
   4665.19   .136534
   4667.29   .136573
   4669.39   .136673
   4671.50   .136768
   4673.60   .136759
   4675.71   .136895
   4677.82   .137126
   4679.93   .137341
   4682.05   .137579
   4684.16   .137829
   4686.28   .138175
   4688.40   .138552
   4690.52   .138867
   4692.64   .139212
   4694.76   .139581
   4696.89   .139951
   4699.02   .140368
   4701.15   .140779
   4703.28   .141119
   4705.42   .141456
   4707.55   .141857
   4709.69   .142185
   4711.83   .142424
   4713.97   .142695
   4716.12   .142932
   4718.26   .143091
   4720.41   .143292
   4722.56   .143448
   4724.71   .143599
   4726.86   .143716
   4729.02   .143807
   4731.18   .143894
   4733.34   .144025
   4735.50   .144074
   4737.66   .144043
   4739.83   .144014
   4742.00   .144085
   4744.16   .144136
   4746.34   .144133
   4748.51   .144146
   4750.68   .144153
   4752.86   .144210
   4755.04   .144187
   4757.22   .144176
   4759.41   .144187
   4761.59   .144166
   4763.78   .144118
   4765.97   .144001
   4768.16   .143864
   4770.36   .143854
   4772.55   .143930
   4774.75   .143890
   4776.95   .143833
   4779.15   .143765
   4781.35   .143726
   4783.56   .143711
   4785.77   .143680
   4787.98   .143527
   4790.19   .143375
   4792.40   .143367
   4794.62   .143340
   4796.84   .143287
   4799.06   .143194
   4801.28   .142981
   4803.50   .142802
   4805.73   .142712
   4807.96   .142618
   4810.19   .142633
   4812.42   .142558
   4814.65   .142360
   4816.89   .142346
   4819.13   .142449
   4821.37   .142404
   4823.61   .142197
   4825.86   .142059
   4828.10   .142045
   4830.35   .141933
   4832.60   .141814
   4834.86   .141707
   4837.11   .141695
   4839.37   .141677
   4841.63   .141451
   4843.89   .141300
   4846.15   .141192
   4848.42   .141062
   4850.69   .141009
   4852.96   .140896
   4855.23   .140835
   4857.50   .140756
   4859.78   .140705
   4862.06   .140487
   4864.34   .140255
   4866.62   .140171
   4868.91   .140163
   4871.19   .140101
   4873.48   .139987
   4875.77   .139880
   4878.07   .139788
   4880.36   .139627
   4882.66   .139386
   4884.96   .139131
   4887.26   .138945
   4889.57   .138815
   4891.88   .138706
   4894.19   .138545
   4896.50   .138334
   4898.81   .138177
   4901.12   .138006
   4903.44   .137814
   4905.76   .137709
   4908.08   .137604
   4910.41   .137491
   4912.73   .137252
   4915.06   .137120
   4917.39   .137094
   4919.72   .136903
   4922.06   .136720
   4924.40   .136549
   4926.74   .136472
   4929.08   .136448
   4931.42   .136359
   4933.77   .136238
   4936.11   .136164
   4938.47   .136014
   4940.82   .135911
   4943.17   .135817
   4945.53   .135694
   4947.89   .135484
   4950.25   .135422
   4952.61   .135431
   4954.98   .135359
   4957.35   .135296
   4959.72   .135143
   4962.09   .134896
   4964.47   .134795
   4966.85   .134703
   4969.23   .134570
   4971.61   .134494
   4973.99   .134410
   4976.38   .134293
   4978.77   .134177
   4981.16   .134107
   4983.55   .134091
   4985.95   .134031
   4988.35   .133980
   4990.75   .133873
   4993.15   .133722
   4995.56   .133635
   4997.96   .133555
   5000.37   .133465
   5002.79   .133458
   5005.20   .133474
   5007.62   .133395
   5010.04   .133281
   5012.46   .133053
   5014.88   .133023
   5017.31   .133078
   5019.73   .133078
   5022.17   .133030
   5024.60   .132869
   5027.03   .132702
   5029.47   .132623
   5031.91   .132586
   5034.36   .132546
   5036.80   .132437
   5039.25   .132381
   5041.70   .132282
   5044.15   .132224
   5046.61   .132188
   5049.06   .131956
   5051.52   .131658
   5053.98   .131446
   5056.45   .131264
   5058.91   .131075
   5061.38   .131003
   5063.85   .130849
   5066.33   .130521
   5068.80   .130181
   5071.28   .129951
   5073.76   .129854
   5076.25   .129780
   5078.73   .129659
   5081.22   .129625
   5083.71   .129647
   5086.21   .129704
   5088.70   .129741
   5091.20   .129624
   5093.70   .129458
   5096.20   .129358
   5098.71   .129345
   5101.21   .129420
   5103.73   .129616
   5106.24   .129851
   5108.75   .130059
   5111.27   .130293
   5113.79   .130538
   5116.32   .130710
   5118.84   .130688
   5121.37   .130636
   5123.90   .130646
   5126.43   .130651
   5128.97   .130664
   5131.50   .130691
   5134.04   .130672
   5136.59   .130660
   5139.13   .130610
   5141.68   .130483
   5144.23   .130370
   5146.79   .130388
   5149.34   .130417
   5151.90   .130317
   5154.46   .130237
   5157.02   .130165
   5159.59   .130101
   5162.16   .130004
   5164.73   .129916
   5167.30   .129765
   5169.87   .129651
   5172.45   .129650
   5175.03   .129625
   5177.62   .129554
   5180.20   .129445
   5182.79   .129330
   5185.38   .129254
   5187.98   .129084
   5190.58   .128977
   5193.17   .128949
   5195.78   .128935
   5198.38   .128755
   5201.00   .128658
   5206.23   .128435
   5211.46   .128192
   5216.70   .127927
   5221.95   .127630
   5227.22   .127316
   5232.49   .126990
   5237.78   .126701
   5243.07   .126400
   5248.38   .126101
   5253.70   .125834
   5259.03   .125586
   5264.37   .125353
   5269.71   .125118
   5275.07   .124850
   5280.45   .124613
   5285.83   .124384
   5291.22   .124155
   5296.63   .123892
   5302.04   .123608
   5307.47   .123313
   5312.91   .123013
   5318.36   .122680
   5323.82   .122312
   5329.29   .121929
   5334.77   .121531
   5340.27   .121073
   5345.77   .120577
   5351.29   .120059
   5356.82   .119468
   5362.36   .118835
   5367.91   .118197
   5373.47   .117498
   5379.04   .116727
   5384.63   .115904
   5390.23   .115038
   5395.84   .114136
   5401.46   .113187
   5407.09   .112156
   5412.73   .111062
   5418.39   .109898
   5424.06   .108591
   5429.74   .107081
   5435.43   .105394
   5441.13   .103501
   5446.84   .101345
   5452.57   .098903
   5458.31   .096177
   5464.06   .093125
   5469.83   .089759
   5475.60   .086233
   5481.39   .082689
   5487.19   .079345
   5493.01   .076334
   5498.83   .073775
   5504.67   .071701
   5510.52   .070062
   5516.38   .068797
   5522.25   .067816
   5528.14   .067017
   5534.04   .066351
   5539.95   .065644
   5545.88   .064829
   5551.81   .064155
   5557.77   .064126
   5563.73   .064891
   5569.70   .066041
   5575.69   .067336
   5581.70   .069169
   5587.71   .071656
   5593.74   .074170
   5599.78   .076249
   5605.83   .077950
   5611.90   .079376
   5617.98   .080555
   5624.07   .081474
   5630.18   .082255
   5636.30   .082981
   5642.43   .083650
   5648.58   .084195
   5654.74   .084701
   5660.91   .085168
   5667.10   .085607
   5673.30   .086033
   5679.51   .086371
   5685.74   .086660
   5691.98   .086967
   5698.23   .087237
   5704.50   .087473
   5710.79   .087697
   5717.08   .087851
   5723.39   .087950
   5729.72   .088022
   5736.05   .088059
   5742.41   .088089
   5748.77   .088120
   5755.15   .088118
   5761.55   .088184
   5767.96   .088229
   5774.38   .088181
   5780.82   .088161
   5787.27   .088124
   5793.74   .088036
   5800.22   .087920
   5806.71   .087782
   5813.22   .087645
   5819.75   .087526
   5826.28   .087314
   5832.84   .087027
   5839.41   .086748
   5845.99   .086466
   5852.59   .086165
   5859.20   .085820
   5865.83   .085442
   5872.47   .085024
   5879.13   .084644
   5885.80   .084120
   5892.49   .083540
   5899.19   .082912
   5905.91   .082148
   5912.65   .081389
   5919.40   .080595
   5926.16   .079745
   5932.94   .078946
   5939.74   .078106
   5946.55   .077217
   5953.38   .076350
   5960.22   .075490
   5967.08   .074634
   5973.95   .073722
   5980.84   .072831
   5987.75   .072035
   5994.67   .071259
   6001.61   .070579
   6008.56   .070092
   6015.53   .069770
   6022.52   .069585
   6029.52   .069557
   6036.54   .069679
   6043.58   .069993
   6050.63   .070368
   6057.70   .070653
   6064.78   .071001
   6071.88   .071435
   6079.00   .071844
   6086.14   .072238
   6093.29   .072639
   6100.46   .073002
   6107.64   .073407
   6114.84   .073836
   6122.06   .074200
   6129.30   .074565
   6136.55   .074965
   6143.82   .075365
   6151.11   .075760
   6158.42   .076199
   6165.74   .076717
   6173.08   .077400
   6180.44   .078323
   6187.81   .079289
   6195.21   .080149
   6202.62   .080939
   6210.04   .081663
   6217.49   .082312
   6224.95   .082885
   6232.44   .083443
   6239.94   .084058
   6247.45   .084733
   6254.99   .085492
   6262.54   .086319
   6270.12   .087212
   6277.71   .088194
   6285.32   .089233
   6292.94   .090379
   6300.59   .091797
   6308.26   .093412
   6315.94   .095201
   6323.64   .097108
   6331.36   .099114
   6339.10   .101328
   6346.86   .103619
   6354.64   .105762
   6362.44   .107979
   6370.25   .110275
   6378.09   .112459
   6385.94   .114387
   6393.82   .115938
   6401.71   .117018
   6409.62   .117674
   6417.56   .117812
   6425.51   .117565
   6433.48   .117185
   6441.47   .116640
   6449.48   .115886
   6457.51   .114879
   6465.56   .113706
   6473.64   .112406
   6481.73   .111058
   6489.84   .109736
   6497.97   .108268
   6506.13   .106738
   6514.30   .105337
   6522.49   .103919
   6530.71   .102472
   6538.94   .101074
   6547.20   .099753
   6555.48   .098440
   6563.78   .097131
   6572.09   .095858
   6580.43   .094538
   6588.80   .093244
   6597.18   .091980
   6605.58   .090702
   6614.01   .089475
   6622.45   .088247
   6630.92   .087046
   6639.41   .085794
   6647.92   .084454
   6656.46   .083118
   6665.02   .081798
   6673.59   .080471
   6682.19   .079162
   6690.82   .077836
   6699.46   .076628
   6708.13   .075538
   6716.82   .074501
   6725.53   .073529
   6734.26   .072651
   6743.02   .071878
   6751.80   .071213
   6760.60   .070578
   6769.43   .069991
   6778.27   .069440
   6787.15   .068910
   6796.04   .068382
   6804.96   .067908
   6813.90   .067517
   6822.87   .067163
   6831.86   .066779
   6840.87   .066369
   6849.90   .065991
   6858.96   .065647
   6868.05   .065246
   6877.16   .064838
   6886.29   .064484
   6895.45   .064193
   6904.63   .063924
   6913.84   .063660
   6923.07   .063448
   6932.33   .063322
   6941.60   .063259
   6950.91   .063281
   6960.24   .063384
   6969.59   .063534
   6978.97   .063770
   6988.38   .064062
   6997.81   .064390
   7007.27   .064767
   7016.75   .065192
   7026.26   .065651
   7035.79   .066114
   7045.35   .066579
   7054.93   .066941
   7064.54   .067170
   7074.18   .067210
   7083.85   .066959
   7093.54   .066441
   7103.26   .065705
   7113.00   .064785
   7122.77   .063763
   7132.57   .062807
   7142.39   .062044
   7152.24   .061512
   7162.12   .061198
   7172.03   .061016
   7181.96   .060953
   7191.92   .061034
   7201.91   .061218
   7211.93   .061466
   7221.97   .061770
   7232.04   .062093
   7242.14   .062481
   7252.27   .062966
   7262.43   .063511
   7272.61   .064092
   7282.83   .064751
   7293.07   .065456
   7303.34   .066194
   7313.64   .066955
   7323.97   .067722
   7334.33   .068487
   7344.72   .069248
   7355.14   .070013
   7365.58   .070744
   7376.06   .071405
   7386.57   .072044
   7397.11   .072635
   7407.68   .073172
   7418.27   .073710
   7428.90   .074243
   7439.56   .074782
   7450.25   .075347
   7460.97   .075919
   7471.72   .076475
   7482.50   .077008
   7493.31   .077491
   7504.16   .077926
   7515.03   .078335
   7525.94   .078722
   7536.88   .079088
   7547.85   .079437
   7558.85   .079788
   7569.88   .080158
   7580.95   .080527
   7592.05   .080931
   7603.18   .081351
   7614.34   .081815
   7625.54   .082318
   7636.77   .082828
   7648.04   .083391
   7659.33   .083978
   7670.66   .084559
   7682.03   .085103
   7693.43   .085606
   7704.86   .086145
   7716.32   .086696
   7727.82   .087197
   7739.36   .087690
   7750.93   .088152
   7762.53   .088565
   7774.16   .088956
   7785.83   .089283
   7797.54   .089624
   7809.28   .090035
   7821.06   .090493
   7832.88   .090951
   7844.73   .091388
   7856.61   .091779
   7868.54   .092081
   7880.49   .092317
   7892.49   .092609
   7904.52   .092954
   7916.59   .093333
   7928.69   .093800
   7940.84   .094286
   7953.01   .094728
   7965.23   .095133
   7977.48   .095497
   7989.78   .095811
   8002.11   .096036
   8014.47   .096171
   8026.88   .096280
   8039.33   .096342
   8051.81   .096354
   8064.33   .096439
   8076.89   .096584
   8089.49   .096767
   8102.13   .096924
   8114.81   .097064
   8127.53   .097209
   8140.28   .097319
   8153.08   .097449
   8165.92   .097657
   8178.80   .097873
   8191.72   .098053
   8204.68   .098163
   8217.69   .098183
   8230.73   .098101
   8243.82   .097905
   8256.94   .097567
   8270.11   .097065
   8283.32   .096447
   8296.58   .095763
   8309.87   .095006
   8323.21   .094216
   8336.59   .093453
   8350.02   .092682
   8363.48   .091865
   8376.99   .091016
   8390.55   .090154
   8404.15   .089313
   8417.79   .088474
   8431.48   .087704
   8445.21   .087016
   8458.98   .086377
   8472.81   .085809
   8486.68   .085386
   8500.59   .085169
   8514.55   .085066
   8528.55   .084992
   8542.60   .084913
   8556.70   .084768
   8570.84   .084482
   8585.03   .084011
   8599.27   .083371
   8613.55   .082771
   8627.88   .082710
   8642.26   .083373
   8656.69   .084331
   8671.16   .085112
   8685.69   .085665
   8700.26   .086040
   8714.88   .086259
   8729.55   .086427
   8744.27   .086584
   8759.04   .086736
   8773.86   .086940
   8788.73   .087176
   8803.66   .087439
   8818.63   .087713
   8833.65   .087948
   8848.72   .088148
   8863.85   .088285
   8879.03   .088323
   8894.26   .088312
   8909.54   .088297
   8924.88   .088254
   8940.27   .088190
   8955.71   .088102
   8971.20   .088051
   8986.75   .088068
   9002.35   .088106
   9018.00   .088146
   9033.71   .088134
   9049.48   .087965
   9065.30   .087470
   9081.18   .086536
   9097.10   .085207
   9113.09   .083939
   9129.14   .083254
   9145.24   .083225
   9161.39   .083678
   9177.61   .084267
   9193.88   .084676
   9210.21   .084936
   9226.60   .084979
   9243.04   .084974
   9259.55   .085148
   9276.11   .085127
   9292.73   .084741
   9309.42   .084060
   9326.17   .083161
   9342.97   .082063
   9359.83   .080887
   9376.76   .079679
   9393.75   .078493
   9410.79   .077299
   9427.91   .076189
   9445.08   .075186
   9462.31   .074293
   9479.61   .073508
   9496.97   .072823
   9514.40   .072164
   9531.88   .071515
   9549.44   .070887
   9567.05   .070279
   9584.74   .069693
   9602.49   .069167
   9620.30   .068652
   9638.18   .068127
   9656.13   .067614
   9674.15   .067141
   9692.23   .066708
   9710.38   .066323
   9728.60   .065938
   9746.89   .065625
   9765.24   .065377
   9783.67   .065192
   9802.16   .065066
   9820.72   .064947
   9839.36   .064849
   9858.06   .064799
   9876.84   .064768
   9895.69   .064769
   9914.61   .064759
   9933.60   .064757
   9952.67   .064722
   9971.81   .064712
   9991.03   .064653
  10010.31   .064548
  10029.68   .064497
  10049.11   .064451
  10068.63   .064362
  10088.22   .064273
  10107.88   .064149
  10127.63   .064011
  10147.45   .063856
  10167.34   .063632
  10187.32   .063370
  10207.37   .063079
  10227.50   .062805
  10247.71   .062599
  10268.00   .062368
  10288.38   .062122
  10308.83   .061881
  10329.37   .061667
  10349.98   .061489
  10370.69   .061330
  10391.47   .061144
  10412.34   .060945
  10433.29   .060729
  10454.32   .060510
  10475.44   .060318
  10496.65   .060077
  10517.94   .059832
  10539.32   .059639
  10560.79   .059415
  10582.34   .059231
  10603.98   .059061
  10625.71   .058898
  10647.53   .058633
  10669.44   .058248
  10691.44   .057753
  10713.53   .057244
  10735.71   .056756
  10757.99   .056234
  10780.35   .055600
  10802.81   .054946
  10825.36   .054375
  10848.00   .053756
  10870.75   .053127
  10893.58   .052589
  10916.52   .052088
  10939.55   .051723
  10962.68   .051486
  10985.91   .051347
  11009.23   .051341
  11032.66   .051548
  11056.18   .051902
  11079.80   .052442
  11103.53   .053356
  11127.36   .054832
  11151.29   .056948
  11175.32   .059486
  11199.46   .061542
  11223.70   .062171
  11248.05   .060812
  11272.50   .057324
  11297.06   .052456
  11321.72   .047722
  11346.49   .043628
  11371.38   .040117
  11396.37   .037392
  11421.47   .035723
  11446.68   .035222
  11472.01   .035553
  11497.45   .036584
  11523.00   .038504
  11548.66   .041014
  11574.44   .043994
  11600.33   .047028
  11626.34   .049785
  11652.47   .052037
  11678.72   .053311
  11705.08   .052468
  11731.57   .051011
  11758.17   .049955
  11784.89   .049413
  11811.74   .051837
  11838.70   .055946
  11865.79   .059526
  11893.00   .062273
  11920.34   .064157
  11947.81   .065134
  11975.40   .065648
  12003.12   .065990
  12030.97   .066215
  12058.96   .066233
  12087.07   .066066
  12115.31   .065734
  12143.68   .065323
  12172.19   .064714
  12200.83   .064021
  12229.60   .063291
  12258.52   .062635
  12287.57   .061989
  12316.76   .061393
  12346.08   .061016
  12375.55   .060833
  12405.15   .060682
  12434.90   .060417
  12464.78   .059945
  12494.82   .059271
  12525.00   .058448
  12555.33   .057541
  12585.80   .056603
  12616.42   .055882
  12647.20   .055453
  12678.13   .055372
  12709.20   .055493
  12740.43   .055699
  12771.81   .055964
  12803.34   .056105
  12835.03   .056077
  12866.88   .055925
  12898.90   .055621
  12931.06   .055342
  12963.39   .055181
  12995.88   .055062
  13028.53   .054930
  13061.35   .054741
  13094.33   .054546
  13127.49   .054316
  13160.81   .054007
  13194.30   .053739
  13227.96   .053407
  13261.79   .052945
  13295.79   .052404
  13329.97   .051774
  13364.32   .050991
  13398.85   .050028
  13433.56   .048916
  13468.46   .047544
  13503.53   .045632
  13538.79   .043215
  13574.23   .040288
  13609.86   .036779
  13645.68   .032985
  13681.69   .029715
  13717.88   .027891
  13754.27   .027664
  13790.85   .028338
  13827.63   .029527
  13864.60   .030814
  13901.77   .031758
  13939.15   .032075
  13976.72   .032139
  14014.49   .032952
  14052.47   .034775
  14090.66   .037273
  14129.04   .039583
  14167.64   .041242
  14206.46   .042364
  14245.49   .043058
  14284.73   .043350
  14324.20   .043530
  14363.88   .043666
  14403.78   .043631
  14443.90   .043490
  14484.25   .043250
  14524.82   .042791
  14565.62   .042214
  14606.65   .041727
  14647.92   .041247
  14689.42   .040765
  14731.15   .040391
  14773.12   .040037
  14815.33   .039742
  14857.78   .039514
  14900.48   .039405
  14943.42   .039399
  14986.59   .039538
  15030.03   .039758
  15073.72   .040017
  15117.67   .040195
  15161.87   .040129
  15206.34   .039941
  15251.06   .039740
  15296.06   .039385
  15341.31   .038978
  15386.84   .038571
  15432.63   .038253
  15478.70   .038024
  15525.04   .037914
  15571.67   .037828
  15618.58   .037743
  15665.76   .037633
  15713.24   .037569
  15761.00   .037492
  15809.05   .037451
  15857.40   .037417
  15906.04   .037308
  15954.96   .037204
  16004.21   .037096
  16053.76   .036926
  16103.62   .036745
  16153.78   .036603
  16204.26   .036407
  16255.06   .036155
  16306.19   .035899
  16357.63   .035577
  16409.39   .035229
  16461.49   .034958
  16513.91   .034766
  16566.67   .034608
  16619.77   .034421
  16673.22   .034278
  16727.01   .034107
  16781.14   .033903
  16835.63   .033832
  16890.46   .033732
  16945.66   .033639
  17001.22   .033535
  17057.16   .033428
  17113.45   .033422
  17170.12   .033436
  17227.16   .033492
  17284.59   .033554
  17342.40   .033566
  17400.60   .033576
  17459.16   .033522
  17518.15   .033506
  17577.53   .033558
  17637.32   .033636
  17697.52   .033639
  17758.13   .033673
  17819.15   .033838
  17880.61   .034055
  17942.48   .034353
  18004.78   .034723
  18067.52   .035103
  18130.69   .035454
  18194.31   .035702
  18258.37   .035960
  18322.90   .036222
  18387.88   .036243
  18453.31   .036309
  18519.22   .036443
  18585.60   .036345
  18652.45   .036200
  18719.79   .036122
  18787.59   .036056
  18855.91   .035943
  18924.73   .035579
  18994.05   .035331
  19063.88   .035364
  19134.23   .035163
  19205.10   .035044
  19276.51   .035209
  19348.44   .035210
  19420.90   .035023
  19493.92   .034863
  19567.48   .034761
  19641.60   .034915
  19716.28   .035393
  19791.52   .035746
  19867.35   .035890
  19943.76   .035982
  20020.76   .036437
  20098.36   .037041
  20176.56   .037441
  20255.38   .037874
  20334.83   .038483
  20414.89   .039060
  20495.58   .039437
  20576.91   .039721
  20658.89   .039887
  20741.53   .040025
  20824.83   .040427
  20908.78   .040749
  20993.43   .040904
  21078.77   .041098
  21164.85   .041274
  21251.59   .041172
  21339.05   .041309
  21427.22   .041459
  21516.13   .041439
  21605.79   .041455
  21696.19   .041330
  21787.35   .041367
  21879.28   .041366
  21971.99   .041214
  22065.48   .040636
  22159.78   .040141
  22254.89   .039987
  22350.81   .039284
  22447.57   .038522
  22545.17   .038309
  22643.62   .038046
  22742.94   .038120
  22843.13   .038960
  22944.20   .040805
  23046.17   .042246
  23149.06   .043493
  23252.87   .044761
  23357.61   .045893
  23463.30   .046625
  23569.95   .047110
  23677.58   .047529
  23786.19   .048004
  23895.80   .048252
  24006.43   .048823
  24118.09   .049244
  24230.79   .049561
  24344.50   .050248
  24459.33   .051335
  24575.25   .052116
  24692.27   .052731
  24810.42   .053624
  24929.70   .055033
  25050.13   .055656
  25171.73   .056044
  25294.52   .055517
  25418.52   .054361
  25543.73   .053187
  25670.18   .052290
  25797.90   .052199
  25926.89   .052370
  26057.17   .052902
  26188.78   .053998
  26321.71   .055004
  26456.01   .055382
  26591.68   .055365
  26728.75   .055363
  26867.24   .055250
  27007.17   .055595
  27148.57   .055411
  27291.46   .055408
  27435.86   .055275
  27581.79   .054932
  27729.29   .054556
  27878.37   .054434
  28029.07   .053436
  28181.40   .052592
  28335.39   .051997
  28491.08   .051369
  28648.49   .051620
  28807.65   .051740
  28968.59   .050958
  29131.33   .050366
  29295.92   .050124
  29462.37   .049741
  29630.73   .049443
  29801.02   .049017
  29973.28   .048228
  30147.54   .047988
  30323.84   .048414
  30502.22   .048709
  30682.71   .048679
  30865.34   .048809
  31050.16   .048766
  31237.21   .049194
  31426.53   .049206
  31618.15   .048292
  31812.13   .048002
  32008.50   .047957
  32207.31   .047161
  32408.61   .046792
  32612.44   .047860
  32818.84   .048589
  33027.88   .049940
  33239.60   .051253
  33454.05   .051619
  33671.28   .052731
  33891.36   .053663
  34114.32   .053559
  34340.25   .052859
  34569.18   .053142
  34801.19   .053395
  35036.33   .053343
  35274.68   .054393
  35516.29   .054843
  35761.23   .053832
  36009.57   .053039
  36261.38   .052623
  36516.74   .051832
  36775.73   .050728
  37038.41   .050458
  37304.88   .050184
  37575.20   .050003
  37849.47   .049855
  38127.77   .049694
  38410.20   .049228
  38696.84   .049093
  38987.80   .049558
  39283.16   .050520
  39583.03   .051093
  39887.52   .049481
  40196.72   .048095
  40510.76   .048314
  40829.74   .048581
  41153.79   .048407
  41483.02   .048137
  41817.56   .047809
  42157.54   .047582
  42503.09   .048915
  42854.36   .049717
  43211.48   .049035
  43574.60   .049064
  43943.88   .049379
  44319.46   .049365
  44701.53   .051611
  45090.24   .052993
  45485.77   .053210
  45888.29   .053651
  46298.01   .054670
  46715.11   .053779
  47139.79   .053379
  47572.27   .054963
  48012.75   .055486
  48461.47   .054248
  48918.65   .055083
  49384.55   .055929
  49859.40   .054784
  50343.47   .054346
  50837.03   .057318
  51340.37   .061274
  51853.77   .062827
  52377.55   .062315
  52912.02   .063145
  53457.50   .062643
  54014.35   .060044
  54582.92   .061384
  55163.59   .063240
  55756.75   .061729
  56362.80   .061340
  56982.17   .058651
  57615.31   .059212
  58262.67   .060712
  58924.74   .059919
  59602.04   .057473
  60295.09   .053946
  61004.45   .051074
  61730.69   .053887
  62474.43   .056555
  63236.31   .057595
  64017.01   .059642
  64817.22   .062527
  65637.70   .064150
  66479.20   .061545
  67342.56   .062041
  68228.65   .066621
  69138.38   .066187
  70072.67   .060419
  71032.57   .060946
  72019.13   .062543
  73033.48   .059849
  74076.82   .055041
  75150.40   .057346
  76255.55   .060353
  77393.69   .061420
  78566.32   .062333
  79775.03   .069694
  81021.52   .070950
  82307.59   .057254
  83635.13   .055318
  85006.20   .060302
  86422.96   .053113
  87887.76   .049174
  89403.05   .056929
  90971.55   .072282
  92596.03   .069873
  94279.59   .058236
  96025.51   .060565
  97837.31   .053265
  99718.80   .054376



 BIR1JBH57.ASC           

 JB-JLB-H57
 Goethite 21717 fine powder
 Connected at 5.2 & 21.1 um
 
 Date: 04-Jun-19, Time: 15:01:55
